time,angular0,velocity0,angular,velocity
0.0,0.4725,0.0,0.3449,0.3449
0.1,0.44782831686364494,-0.48680021093155745,0.35271147604250724,0.35271147604250724
0.2,0.37759819371942976,-0.8998063666090387,0.37180647123075555,0.37180647123075555
0.3,0.2725123077800658,-1.1743472377712871,0.3896081922049835,0.3896081922049835
0.4,0.1486781636953942,-1.2720752664785289,0.38709231632667984,0.38709231632667984
0.5,0.023836088605396884,-1.198532237056773,0.3456166968725965,0.3456166968725965
0.6,-0.08642487271592102,-0.9872478176135815,0.25444031162874065,0.25444031162874065
0.7000000000000001,-0.1705932328217027,-0.6861012160781077,0.11347119910663338,0.11347119910663338
0.8,-0.22292224189995968,-0.364012895375281,-0.06701410902256807,-0.06701410902256807
0.9,-0.24553451505259802,-0.10488889925718614,-0.2665281772732937,-0.2665281772732937
1.0,-0.24768972113654572,0.043562720015396295,-0.45682622117070726,-0.45682622117070726
1.1,-0.2396530152811506,0.10786713204278593,-0.6107402496969548,-0.6107402496969548
1.2,-0.22715926078735144,0.13965670502320915,-0.7104200301076004,-0.7104200301076004
1.3,-0.2119941815499676,0.16229255061396455,-0.7474509231702635,-0.7474509231702635
1.4000000000000001,-0.1951359016261711,0.17175915740260497,-0.7194301964514006,-0.7194301964514006
1.5,-0.17835654894129901,0.16054532131979732,-0.6281577476260195,-0.6281577476260195
1.6,-0.16329197411053856,0.1427213216909213,-0.4804271272996361,-0.4804271272996361
1.7,-0.14841479852371658,0.16722148842799806,-0.2909675871478427,-0.2909675871478427
1.8,-0.1265922900606448,0.28688866623193915,-0.08446215451410251,-0.08446215451410251
1.9000000000000001,-0.0881307710768035,0.49133143854726463,0.10969798268623132,0.10969798268623132
2.0,-0.027931226681746846,0.7079393158681373,0.2680606842766089,0.2680606842766089
2.1,0.051461524527438574,0.8657963674057391,0.378305130593902,0.378305130593902
2.2,0.14185560458408614,0.9231690445966673,0.4382587649206015,0.4382587649206015
2.3000000000000003,0.23205840679973358,0.8599127210481062,0.45398460096016824,0.45398460096016824
2.4,0.3096609556255038,0.6720844878642749,0.43767023052958,0.43767023052958
2.5,0.36288281781911885,0.3772923764129099,0.4039907842901255,0.4039907842901255
2.6,0.382874147163616,0.015519111751629192,0.3656141457551609,0.3656141457551609
2.7,0.3654762410505006,-0.36153884428958205,0.3302707919454399,0.3302707919454399
2.8000000000000003,0.3118398609506467,-0.7004918623447896,0.29999518396616925,0.29999518396616925
2.9,0.22831987003114138,-0.9515744983755885,0.27119380215185285,0.27119380215185285
3.0,0.12572654896830038,-1.07747504819388,0.23542447016497253,0.23542447016497253
3.1,0.017453423834643014,-1.0655066900876562,0.18220346520210914,0.18220346520210914
3.2,-0.08326717965379185,-0.9309890048452759,0.10350398605795645,0.10350398605795645
3.3000000000000003,-0.1658418709385897,-0.709791154975739,-0.002652054688868448,-0.002652054688868448
3.4,-0.22392523093252384,-0.4497065356877084,-0.1310197398141101,-0.1310197398141101
3.5,-0.25617488881100314,-0.20091260734987731,-0.26974692068050715,-0.26974692068050715
3.6,-0.26572997406141485,0.00022106571074960446,-0.40235634238741896,-0.40235634238741896
3.7,-0.25805718125229404,0.14426053988398355,-0.5113903975570078,-0.5113903975570078
3.8000000000000003,-0.23844891612048552,0.24111381873070808,-0.5824113155827466,-0.5824113155827466
3.9,-0.2110563081946567,0.3010004561273269,-0.6060042244483292,-0.6060042244483292
4.0,-0.1793840654930572,0.326804704323086,-0.5777362897623348,-0.5777362897623348
4.1,-0.1467530738159498,0.32132725519143146,-0.49782638492237374,-0.49782638492237374
4.2,-0.11566557686545331,0.30015675991100577,-0.37171654696705086,-0.37171654696705086
4.3,-0.08611796741766109,0.297214840234862,-0.21147908840485077,-0.21147908840485077
4.4,-0.054436606979806415,0.3465363367780136,-0.036230548043865364,-0.036230548043865364
4.5,-0.01504409393989868,0.44733946254656365,0.1314295063516459,0.1314295063516459
4.6000000000000005,0.03541045878891855,0.55936134020015,0.2721275184123265,0.2721275184123265
4.7,0.09560315201935334,0.6352811481178915,0.374148597809734,0.374148597809734
4.8,0.16020943783862732,0.6440812353426761,0.43371398183324755,0.43371398183324755
4.9,0.22171805046265297,0.5722467973921074,0.4534780107661972,0.4534780107661972
5.0,0.27193674098092485,0.4191445545454631,0.4407119763681057,0.4407119763681057
5.1000000000000005,0.3032034663025384,0.19617781717061086,0.4051459363018253,0.4051459363018253
5.2,0.30963394636992847,-0.07259703574209023,0.3565172509936269,0.3565172509936269
5.3,0.2882840403332166,-0.35323403279862176,0.3024723308022936,0.3024723308022936
5.4,0.23986514210589988,-0.6075919562101221,0.24736310795473415,0.24736310795473415
5.5,0.16885893637978833,-0.7994310436080048,0.19189496076244333,0.19189496076244333
5.6000000000000005,0.08300448827117642,-0.9010296317011535,0.13355999152268194,0.13355999152268194
5.7,-0.007905075568814868,-0.9000254628185627,0.06809961931997013,0.06809961931997013
5.8,-0.09377635401442362,-0.8028489580225832,-0.008144718240469627,-0.008144718240469627
5.9,-0.1660116289541524,-0.632093026305469,-0.09597329600967114,-0.09597329600967114
6.0,-0.2188086454624483,-0.41980070509428313,-0.19216646245047003,-0.19216646245047003
6.1000000000000005,-0.24971505762641538,-0.19959503831397288,-0.28961717666265724,-0.28961717666265724
6.2,-0.2593952878917375,0.0009756706973002779,-0.3784496844631007,-0.3784496844631007
6.3,-0.250737558362076,0.16537567951577647,-0.44780227459823985,-0.44780227459823985
6.4,-0.22774370202232944,0.28723628504607945,-0.4878022282682728,-0.4878022282682728
6.5,-0.19474460194928167,0.36552838777358293,-0.4911178234472455,-0.4911178234472455
6.6000000000000005,-0.15604450975517098,0.4017782589506259,-0.45387881530074353,-0.45387881530074353
6.7,-0.11558661649160894,0.4024354320793912,-0.3763075234523285,-0.3763075234523285
6.8,-0.07622342124465901,0.38346073507919803,-0.26342811676570993,-0.26342811676570993
6.9,-0.03872288217230359,0.36952541724716986,-0.12566319519102873,-0.12566319519102873
7.0,-0.0014414370703669172,0.3811020670684909,0.02175003471219468,0.02175003471219468
7.1000000000000005,0.038346173551522256,0.41731881676055227,0.16165593865606045,0.16165593865606045
7.2,0.08208861249759819,0.45538054961739893,0.27924198802779154,0.27924198802779154
7.3,0.12854279474680289,0.46740751727196167,0.36495753758574806,0.36495753758574806
7.4,0.17405482514804552,0.4343800238936381,0.4150042997046711,0.4150042997046711
7.5,0.2136590611240247,0.3488607029262994,0.43041587004631565,0.43041587004631565
7.6000000000000005,0.24212795983171692,0.21261366180483193,0.4157436885795036,0.4157436885795036
7.7,0.25479112241579893,0.03488622457550089,0.3776545060038314,0.3776545060038314
7.8,0.24826028535780995,-0.1679764161397915,0.32349236818431965,0.32349236818431965
7.9,0.22110293508943013,-0.3735087866326247,0.25995606842313557,0.25995606842313557
8.0,0.17433083361982069,-0.5558987467436893,0.1921131882249277,0.1921131882249277
8.1,0.11153221473685224,-0.6902093753485367,0.12289917503235383,0.12289917503235383
8.2,0.03854414907198083,-0.7572079971827709,0.05318824228351384,0.05318824228351384
8.3,-0.03734543180760434,-0.747711602738277,-0.017507730845059265,-0.017507730845059265
8.4,-0.10853840016847001,-0.6648062911189757,-0.08984496323372475,-0.08984496323372475
8.5,-0.1683267323844467,-0.5227497446586253,-0.1633943416223489,-0.1633943416223489
8.6,-0.21183300923059664,-0.3431117051596237,-0.23583302458451974,-0.23583302458451974
8.700000000000001,-0.23649877832235555,-0.14989373268633555,-0.30280866820303703,-0.30280866820303703
8.8,-0.24209979359631167,0.03485453574215703,-0.35839640747587775,-0.35839640747587775
8.9,-0.23038894320750394,0.19397523530717978,-0.3959612503770706,-0.3959612503770706
9.0,-0.20453877323122086,0.31626473117836995,-0.40923842765600743,-0.40923842765600743
9.1,-0.1685525228454581,0.3962426167232402,-0.39344613382076754,-0.39344613382076754
9.200000000000001,-0.12670092238959055,0.43412296137004774,-0.346293464016287,-0.346293464016287
9.3,-0.08291046411300339,0.4367795563348749,-0.2688314846420197,-0.2688314846420197
9.4,-0.040059488188856206,0.4181427570213957,-0.166073607089693,-0.166073607089693
9.5,0.0005933409529114697,0.39558552974823025,-0.04708343372961509,-0.04708343372961509
9.6,0.03934529303571408,0.3811789790783755,0.0760150849417523,0.0760150849417523
9.700000000000001,0.077083487979664,0.37398780151207134,0.19031180461805158,0.19031180461805158
9.8,0.11397466371146225,0.36168521148112664,0.28481126967011333,0.28481126967011333
9.9,0.1487550859296322,0.32961551117161886,0.35220995110211956,0.35220995110211956
10.0,0.1789119996934734,0.2682182757379827,0.389276276001279,0.389276276001279
10.1,0.20132928176771878,0.1749282751772901,0.3963275983679675,0.3963275983679675
10.200000000000001,0.21293634498673789,0.05294119248058281,0.3763966289074477,0.3763966289074477
10.3,0.2112098319240755,-0.09014858994804481,0.3343555601562647,0.3343555601562647
10.4,0.19458106085231394,-0.24288638392709042,0.27604366637505295,0.27604366637505295
10.5,0.16280502570331362,-0.39037358846462156,0.20741142070951715,0.20741142070951715
10.6,0.11724914765064141,-0.5155877205536689,0.1337566223487292,0.1337566223487292
10.700000000000001,0.06098718301117912,-0.6019346577088067,0.05918237735044201,0.05918237735044201
10.8,-0.0014042687566370032,-0.6365025465286355,-0.013594646613845613,-0.013594646613845613
10.9,-0.06436840059240115,-0.6130045209711615,-0.08302215216750869,-0.08302215216750869
11.0,-0.1221246450145054,-0.5333589451535223,-0.14814377287240627,-0.14814377287240627
11.1,-0.16948701626626145,-0.40731269288730354,-0.2078995118487438,-0.2078995118487438
11.200000000000001,-0.20255344706599399,-0.2503471352220376,-0.26056301367756396,-0.26056301367756396
11.3,-0.21913524404728935,-0.08073952418134187,-0.30349326730629816,-0.30349326730629816
11.4,-0.21888828748940325,0.08334618860218779,-0.33323805663302664,-0.33323805663302664
11.5,-0.20317694813634032,0.2262466901446768,-0.34594626508631204,-0.34594626508631204
11.6,-0.1747327035356835,0.336514180786112,-0.33802490887242004,-0.33802490887242004
11.700000000000001,-0.13717221630683482,0.4080420864021442,-0.30695377961666714,-0.30695377961666714
11.8,-0.09442449511117323,0.44077523289425,-0.252130616022034,-0.252130616022034
11.9,-0.05011221063526978,0.4408274188121527,-0.17558217018402214,-0.17558217018402214
12.0,-0.006986890835074604,0.41908090392085345,-0.08233362324648703,-0.08233362324648703
12.1,0.03337503034683635,0.38730985748799784,0.019822058514417117,0.019822058514417117
12.200000000000001,0.07039583076634737,0.3528913153090951,0.12134925980461025,0.12134925980461025
12.3,0.1038711290738355,0.31581281470461087,0.2126306743808928,0.2126306743808928
12.4,0.13328785534162224,0.2706029498924536,0.28564308162966967,0.28564308162966967
12.5,0.1575125287400068,0.21112896240013043,0.3350018445870658,0.3350018445870658
12.6,0.17492800076394122,0.13422079357284059,0.35821293313290226,0.35821293313290226
12.700000000000001,0.1837948652431582,0.04056074733959907,0.3554023461058364,0.3554023461058364
12.8,0.18260509698994237,-0.06608015709019241,0.32884409125810965,0.32884409125810965
12.9,0.1703434619170877,-0.17972032398075388,0.2824451591975993,0.2824451591975993
13.0,0.14668823785959784,-0.2924805269303201,0.22119931127754763,0.22119931127754763
13.1,0.11219933824347549,-0.3946333989614775,0.15058154301626642,0.15058154301626642
13.200000000000001,0.06848300959408894,-0.4751459160318573,0.07591053396790703,0.07591053396790703
13.3,0.01825547578021064,-0.5231790129735416,0.0017884945224411891,0.0017884945224411891
13.4,-0.034783618814362746,-0.5302915290850702,-0.06824106897778728,-0.06824106897778728
13.5,-0.08630165806856815,-0.4925668792514972,-0.13172773235306856,-0.13172773235306856
13.6,-0.13185777425959003,-0.4118615989418082,-0.18705694484966173,-0.18705694484966173
13.700000000000001,-0.167489100877973,-0.2957629136934671,-0.23302422309433196,-0.23302422309433196
13.8,-0.1902306879242865,-0.15635976615277627,-0.26841387407670525,-0.26841387407670525
13.9,-0.19847167939780733,-0.008287101861681767,-0.291729248888086,-0.291729248888086
14.0,-0.1921010792673189,0.13345404015713472,-0.30115351051419087,-0.30115351051419087
14.1,-0.17243927068825574,0.25555968925681044,-0.2947593381087005,-0.2947593381087005
14.200000000000001,-0.1419775831736314,0.3481718713851726,-0.27094273848107886,-0.27094273848107886
14.3,-0.10396543216092913,0.40614825800758697,-0.22900890006366395,-0.22900890006366395
14.4,-0.061903245719844964,0.42963157948528097,-0.16978031524015325,-0.16978031524015325
14.5,-0.01902703943334212,0.4235820354917564,-0.09604997434042797,-0.09604997434042797
14.6,0.022093520613089248,0.39594318702631953,-0.012688650792290642,-0.012688650792290642
14.700000000000001,0.059710244474025204,0.35466123563801544,0.07373848290715351,0.07373848290715351
14.8,0.09274642539699766,0.30486375554456124,0.15584444167120895,0.15584444167120895
14.9,0.12044827795448147,0.2479441220992297,0.2265517321221897,0.2265517321221897
15.0,0.14206721804812245,0.1829888411089532,0.28010294426996085,0.28010294426996085
15.1,0.1567469100371507,0.1091175261314553,0.31266632892466745,0.31266632892466745
15.200000000000001,0.16361419231821953,0.02701210485888158,0.3225074999371489,0.3225074999371489
15.3,0.16195508340931028,-0.06088030495633133,0.3098787350943672,0.3098787350943672
15.4,0.15136705109498236,-0.1508816550954725,0.27678373387974814,0.27678373387974814
15.5,0.13185591156436519,-0.23854378904258167,0.22668290448904832,0.22668290448904832
15.6,0.10390894071934832,-0.31865179767319596,0.16411945881710302,0.16411945881710302
15.700000000000001,0.06858308951869702,-0.38500210126190476,0.09423211135627976,0.09423211135627976
15.8,0.02760172832526286,-0.4305572246504424,0.022180204185892005,0.022180204185892005
15.9,-0.016602711853670033,-0.4484001265745702,-0.047410258520885235,-0.047410258520885235
16.0,-0.06097731276119691,-0.43332668391335594,-0.11083788021171993,-0.11083788021171993
16.1,-0.10210286871100392,-0.3834442896041986,-0.1654593046362177,-0.1654593046362177
16.2,-0.13658027916188753,-0.30113143136044995,-0.20956561460219428,-0.20956561460219428
16.3,-0.1614661897073109,-0.19304529060359926,-0.24209157201973447,-0.24209157201973447
16.4,-0.17466330414522097,-0.06924343679908641,-0.2622902967408996,-0.2622902967408996
16.5,-0.17519037422425932,0.05828691124186463,-0.2694952905912904,-0.2694952905912904
16.6,-0.16328961446919854,0.17735762534003152,-0.2630477566929207,-0.2630477566929207
16.7,-0.14036013390950539,0.27729037059457434,-0.24241582378652332,-0.24241582378652332
16.8,-0.10873089891800894,0.3503763100307769,-0.20748337283375565,-0.20748337283375565
16.9,-0.07131029640085723,0.392841762197518,-0.15893624424904115,-0.15893624424904115
17.0,-0.031174587742637986,0.4050643138048401,-0.09862752026656747,-0.09862752026656747
17.1,0.00881949273406256,0.39085869819417546,-0.02978025760681107,-0.02978025760681107
17.2,0.0463059231254176,0.3559135842261677,0.04309264456082673,0.04309264456082673
17.3,0.07950186605746151,0.3059077737416593,0.11459488782227999,0.11459488782227999
17.400000000000002,0.10713146271470776,0.24516536240033962,0.17910351120456866,0.17910351120456866
17.5,0.1282703218365118,0.17645738873835795,0.23149384021325467,0.23149384021325467
17.6,0.14222313630038982,0.10176213460676496,0.2677340784036901,0.2677340784036901
17.7,0.14849289640277005,0.023192769316728166,0.2852413597464407,0.2852413597464407
17.8,0.14682137990358118,-0.056571064558403,0.2830129651168103,0.2830129651168103
17.900000000000002,0.1372421447043584,-0.1344299197961124,0.2616099993818621,0.2616099993818621
18.0,0.12010457711084191,-0.20721724894518984,0.2230544651455339,0.2230544651455339
18.1,0.09607111320421993,-0.27182651151857606,0.1706448746473801,0.1706448746473801
18.2,0.06612100958539445,-0.3249639707438169,0.10865602585457075,0.10865602585457075
18.3,0.0315879012759572,-0.362793836003142,0.041902061667234515,0.041902061667234515
18.400000000000002,-0.0057824861074140645,-0.38097008120032555,-0.024794109709642527,-0.024794109709642527
18.5,-0.043811356501760435,-0.3753507481205771,-0.0871130317134666,-0.0871130317134666
18.6,-0.07996552315294554,-0.3432063321707057,-0.14160394076105734,-0.14160394076105734
18.7,-0.11155988452480745,-0.2843902582015243,-0.185826091654801,-0.185826091654801
18.8,-0.13605351808655197,-0.2019796204668879,-0.2182742019200722,-0.2182742019200722
18.900000000000002,-0.1513735594602094,-0.10218275414812752,-0.2381655889694212,-0.2381655889694212
19.0,-0.15619554192214394,0.006409134647654915,-0.24519471708194668,-0.24519471708194668
19.1,-0.15012518851209108,0.11400291458642593,-0.23934868467734413,-0.23934868467734413
19.2,-0.1337509675561463,0.2109667223172193,-0.22084129653675366,-0.22084129653675366
19.3,-0.10856089941619833,0.28914506083038294,-0.1901797558604642,-0.1901797558604642
19.400000000000002,-0.07673930774191629,0.3429089139382408,-0.148335460599888,-0.148335460599888
19.5,-0.040880569582778796,0.3697338058975268,-0.09695289293226943,-0.09695289293226943
19.6,-0.0036753622700776544,0.37015569410785115,-0.038506617680220415,-0.038506617680220415
19.7,0.0323666494943177,0.3471042852657396,0.023681484099735743,0.023681484099735743
19.8,0.06510487212757352,0.3048421321166654,0.08561572809456458,0.08561572809456458
19.900000000000002,0.09284707680989043,0.24792677988877304,0.1429778411605318,0.1429778411605318
20.0,0.11434337881821817,0.18059081614531558,0.19157787313536534,0.19157787313536534
20.1,0.12874535469432502,0.10665176498608804,0.22779628932488533,0.22779628932488533
20.2,0.13557404826250025,0.02972174002062053,0.24893043237745152,0.24893043237745152
20.3,0.13470890832385732,-0.046635868477757414,0.2534139913546325,0.2534139913546325
20.400000000000002,0.1263806409209345,-0.11899378033576616,0.2409260376164958,0.2409260376164958
20.5,0.11114541966186146,-0.1843137078450186,0.21241791160658208,0.21241791160658208
20.6,0.0898355786880399,-0.24011949151221013,0.17006408581025217,0.17006408581025217
20.7,0.06350629021232847,-0.28438460895828144,0.11711331080531455,0.11711331080531455
20.8,0.0334080645255915,-0.315156666942597,0.05760917199000144,0.05760917199000144
20.900000000000002,0.0009985219700534035,-0.3302121701639037,-0.0040183747899622604,-0.0040183747899622604
21.0,-0.03202882063163903,-0.32711249227035777,-0.06342972462826044,-0.06342972462826044
21.1,-0.06374870101547943,-0.30379771300065883,-0.11681428159820666,-0.11681428159820666
21.2,-0.09208610656024446,-0.2594857866636149,-0.16118935149746827,-0.16118935149746827
21.3,-0.11498572101926499,-0.1954515806608443,-0.19451135446115875,-0.19451135446115875
21.400000000000002,-0.1306385124168431,-0.11535403797613941,-0.21561960551583248,-0.21561960551583248
21.5,-0.1377134323293271,-0.025014265617280845,-0.22407991281978143,-0.22407991281978143
21.6,-0.13554293145159832,0.06826012653955993,-0.2200076828218488,-0.2200076828218488
21.7,-0.12422569220668084,0.15662228771936063,-0.2039344276352721,-0.2039344276352721
21.8,-0.10462918168124588,0.23271094508089718,-0.17675097170030152,-0.17675097170030152
21.900000000000002,-0.07829340986991366,0.2905728378689885,-0.1397269578394163,-0.1397269578394163
22.0,-0.04725432056226378,0.326323562400658,-0.09457678675307139,-0.09457678675307139
22.1,-0.013819434623953998,0.33842729028468727,-0.043522405546857976,-0.043522405546857976
22.2,0.019663451870933803,0.3275590764172669,0.010700964846016361,0.010700964846016361
22.3,0.051005914491659594,0.29613411611264095,0.06493472790772493,0.06493472790772493
22.400000000000002,0.07832252311091904,0.24769526026779756,0.1157892506284531,0.1157892506284531
22.5,0.1001152445309693,0.18637191884027954,0.15990974236164252,0.15990974236164252
22.6,0.11531290876936205,0.116530168239,0.19426441636989947,0.19426441636989947
22.7,0.12328459940572062,0.0425850802472343,0.2164051741781582,0.2164051741781582
22.8,0.1238372892273389,-0.031149270680220636,0.22467213029920427,0.22467213029920427
22.900000000000002,0.11719569604903188,-0.1006749947720726,0.21833718888460582,0.21833718888460582
23.0,0.10395708165468619,-0.1625847831359713,0.19769228358515523,0.19769228358515523
23.1,0.08502020963547516,-0.2142790165840661,0.1640799224082842,0.1640799224082842
23.2,0.061501745537657075,-0.2539791058771934,0.11984631503005255,0.11984631503005255
23.3,0.03466449373819215,-0.28048205299221085,0.06818772973352685,0.06818772973352685
23.400000000000002,0.005878690773939399,-0.2927810404582633,0.01287446065434027,0.01287446065434027
23.5,-0.023383006319539126,-0.2898193374089952,-0.04212447652604455,-0.04212447652604455
23.6,-0.051542891599081854,-0.27060674017311814,-0.09304790119393404,-0.09304790119393404
23.7,-0.07694660183280727,-0.23470088637673675,-0.13669152867609735,-0.13669152867609735
23.8,-0.09794865071669019,-0.1828170842656306,-0.17063055827567222,-0.17063055827567222
23.900000000000002,-0.11305243190215104,-0.11726268717483693,-0.19329496239061952,-0.19329496239061952
24.0,-0.12107627053747301,-0.042006977996999935,-0.20392466484986665,-0.20392466484986665
24.1,-0.1213068901613211,0.0376310314768151,-0.20245808991278882,-0.20245808991278882
24.2,-0.11360651283818635,0.11557456766292291,-0.1894084014739215,-0.1894084014739215
24.3,-0.09845288372644119,0.1857141471699228,-0.16576477639122195,-0.16576477639122195
24.400000000000002,-0.07690614284255161,0.24262300955009508,-0.1329323773704998,-0.1329323773704998
24.5,-0.050509776766063955,0.28214267603559534,-0.09270276952666186,-0.09270276952666186
24.6,-0.021143254954819994,0.301752488234488,-0.04723170412084608,-0.04723170412084608
24.7,0.009149654121172763,0.3006857077299274,0.001003417588542336,0.001003417588542336
24.8,0.038332237878525154,0.27981548276766205,0.049287534677635525,0.049287534677635525
24.900000000000002,0.06452631828701272,0.24138708163326017,0.09479956396371374,0.09479956396371374
25.0,0.08613326970238425,0.18869125292413683,0.13478076201348888,0.13478076201348888
25.1,0.10192242842538855,0.12574553677057174,0.1667175969012253,0.1667175969012253
25.2,0.11108879207921504,0.05699663447723416,0.18851627098066037,0.18851627098066037
25.3,0.113280957134828,-0.012982919863352156,0.19865426779874062,0.19865426779874062
25.400000000000002,0.10859730595384946,-0.07982798228709519,0.19630426837197262,0.19630426837197262
25.5,0.09754789936669772,-0.13972527042353827,0.18142957888776556,0.18142957888776556
25.6,0.0809842201725881,-0.18969642346284318,0.15484466605558334,0.15484466605558334
25.7,0.06000779496776649,-0.22772175658603197,0.11822296361628692,0.11822296361628692
25.8,0.035877322839429585,-0.25264310715695254,0.07402588909736095,0.07402588909736095
25.900000000000002,0.009935407970092524,-0.2638860668950632,0.025332250580654758,0.025332250580654758
26.0,-0.01643407397346185,-0.2611583376101938,-0.02442966964920211,-0.02442966964920211
26.1,-0.04182562090325539,-0.24432037474097837,-0.0718109993191027,-0.0718109993191027
26.2,-0.06483232532578538,-0.21352895475299766,-0.1136692936968299,-0.1136692936968299
26.3,-0.08409171032252043,-0.16958008869305038,-0.14742924298832988,-0.14742924298832988
26.400000000000002,-0.09836783614301645,-0.11425538344451402,-0.17123776590420248,-0.17123776590420248
26.5,-0.10666005354492246,-0.05048446987434517,-0.18401102709733538,-0.18401102709733538
26.6,-0.10831483563159205,0.017759277704302894,-0.18540003722820725,-0.18540003722820725
26.7,-0.1031147151205839,0.08580007083354577,-0.1757124830347061,-0.1757124830347061
26.8,-0.09132509996061075,0.1487426315329407,-0.1558229423822558,-0.1558229423822558
26.900000000000002,-0.07369029015433826,0.2019877469291711,-0.12708901693847874,-0.12708901693847874
27.0,-0.05138024773836378,0.2416888925094072,-0.09127568502365022,-0.09127568502365022
27.1,-0.02589729481972943,0.26508990045528014,-0.05047975911245737,-0.05047975911245737
27.2,0.0010438172899787795,0.27071856184619936,-0.007043358106929685,-0.007043358106929685
27.3,0.027648168224512076,0.25844291483865117,0.036550751214138005,0.036550751214138005
27.400000000000002,0.05217278199403194,0.2294173588872076,0.0778011892494519,0.0778011892494519
27.5,0.07304913823009858,0.1859488799688585,0.1143191387639798,0.1143191387639798
27.6,0.08898914333083822,0.13130164036468903,0.1439571564653573,0.1439571564653573
27.7,0.09906863283527441,0.0694425324352998,0.16492632652422784,0.16492632652422784
27.8,0.10278234288613726,0.004724950245526912,0.17589806653094117,0.17589806653094117
27.900000000000002,0.10006446684305341,-0.05847970607618631,0.17609171257591524,0.17609171257591524
28.0,0.09127111703079872,-0.11616694192751781,0.16534912950948072,0.16534912950948072
28.1,0.07712604874755898,-0.16503655711878534,0.14419177228765595,0.14419177228765595
28.2,0.05863823688760423,-0.20270585821239326,0.11384624881707894,0.11384624881707894
28.3,0.03700689510749695,-0.2277419644283699,0.07621693405268691,0.07621693405268691
28.400000000000002,0.013532526832185246,-0.23951623237846517,0.03378507274076204,0.03378507274076204
28.5,-0.010451750059704381,-0.23796396349352356,-0.0105729175046988,-0.0105729175046988
28.6,-0.033625715783006126,-0.2233850177544293,-0.05383208610039867,-0.05383208610039867
28.7,-0.05471463919349004,-0.19639679623449668,-0.0930915058835612,-0.0930915058835612
28.8,-0.07252584622922549,-0.15805289158240732,-0.12582335413291737,-0.12582335413291737
28.900000000000002,-0.08600187922991218,-0.11003483662306826,-0.15005805312746007,-0.15005805312746007
29.0,-0.09429084839195828,-0.05478310274341646,-0.16448771028271258,-0.16448771028271258
29.1,-0.09682260568359272,0.004526898425419637,-0.16849417287742405,-0.16849417287742405
29.2,-0.09337378736227685,0.06417965617093273,-0.16212254908788018,-0.16212254908788018
29.3,-0.08410670963635156,0.12023579626162256,-0.14602291424595915,-0.14602291424595915
29.400000000000002,-0.06957378698976832,0.16889275526811637,-0.12137576072006484,-0.12137576072006484
29.5,-0.05068664615442438,0.20681974358600705,-0.08980698981387238,-0.08980698981387238
29.6,-0.02865498709407272,0.2314231632104545,-0.053291295293586685,-0.053291295293586685
29.7,-0.004903075104314472,0.2410291318192928,-0.014041460090190633,-0.014041460090190633
29.8,0.01902816280756608,0.23499069951102983,0.02561526030010912,0.02561526030010912
29.900000000000002,0.04158656808664215,0.21373296808893855,0.06336681459448054,0.06336681459448054
30.0,0.061315826550440614,0.17874037921270297,0.09704139784986253,0.09704139784986253
30.1,0.07695801652808927,0.13247657363673535,0.12471770892242988,0.12471770892242988
30.2,0.08754411066201903,0.07822091733155029,0.1448151300838724,0.1448151300838724
30.3,0.09246355640408724,0.019813769063917117,0.15616473657930108,0.15616473657930108
30.400000000000002,0.0915042512095039,-0.038676642257203,0.1580664179475662,0.1580664179475662
30.5,0.08485677973117654,-0.09332745371483545,0.1503370602084877,0.1503370602084877
30.6,0.07308173500786191,-0.14071510828867698,0.13334949607364371,0.13334949607364371
30.7,0.05704542917540714,-0.1781830432246611,0.10805378070803011,0.10805378070803011
30.8,0.03783548941611459,-0.2039695297291912,0.075965188639318,0.075965188639318
30.900000000000002,0.016671518620119296,-0.21718048953958932,0.03910169137885079,0.03910169137885079
31.0,-0.005175177940519961,-0.21764661507238134,-0.00013933491673335033,-0.00013933491673335033
31.1,-0.02644521550870449,-0.20574904625320228,-0.039160565354628515,-0.039160565354628515
31.2,-0.04593957518298683,-0.1823026799166735,-0.07537836273359177,-0.07537836273359177
31.3,-0.06256134772426725,-0.14854001418828439,-0.10643689533260789,-0.10643689533260789
31.400000000000002,-0.07535999852566516,-0.10616790251752103,-0.13038934536488161,-0.13038934536488161
31.5,-0.08358187675301601,-0.057421584279850835,-0.14582447844053764,-0.14582447844053764
31.6,-0.08672279213099077,-0.005042538217816434,-0.1519334050139763,-0.1519334050139763
31.7,-0.08457305206719457,0.047851026383612515,-0.1485245147086738,-0.1485245147086738
31.8,-0.0772447710323636,0.09798244182094464,-0.13599971369884983,-0.13599971369884983
31.900000000000002,-0.06517494955542066,0.1421739418405005,-0.1153030401785379,-0.1153030401785379
32.0,-0.04910307269895155,0.17759100153322063,-0.08784704730951368,-0.08784704730951368
32.1,-0.030026459438598795,0.20193970286268811,-0.055418164106451714,-0.055418164106451714
32.2,-0.009138633066464693,0.21360956193355005,-0.020061896113196743,-0.020061896113196743
32.3,0.01224428548629378,0.21177290096330056,0.016047487788508678,0.016047487788508678
32.4,0.03276555263990148,0.1964543182856299,0.050742912466452315,0.050742912466452315
32.5,0.05111531056539736,0.16857034183764133,0.0819930391593035,0.0819930391593035
32.6,0.0661198827093567,0.1299213350003075,0.10801158834589038,0.10801158834589038
32.7,0.07682676086195346,0.08310911650595858,0.1273411301287237,0.1273411301287237
32.8,0.08257679637714122,0.03136197053072672,0.13891212290315838,0.13891212290315838
32.9,0.08305430400943763,-0.02172933459747972,0.14208321037290303,0.14208321037290303
33.0,0.07830745530991287,-0.07253481465981737,0.13666976977287296,0.13666976977287296
33.1,0.06873541775641677,-0.11771757052311388,0.12296409706835741,0.12296409706835741
33.2,0.05504425377343186,-0.15451674548254035,0.10174408371242458,0.10174408371242458
33.3,0.038179155005458126,-0.18093114066378393,0.0742608181546256,0.0742608181546256
33.4,0.019244438757313034,-0.19577909870844043,0.04219263437578819,0.04219263437578819
33.5,-0.0005766242696697566,-0.19864771870016318,0.0075561170522468486,0.0075561170522468486
33.6,-0.02009328270355138,-0.1897795015768978,-0.02742634579482222,-0.02742634579482222
33.7,-0.03816689790800577,-0.169957882494285,-0.06049091475406647,-0.06049091475406647
33.8,-0.05376099886460716,-0.14043511207840972,-0.08950705701018018,-0.08950705701018018
33.9,-0.06598654119783054,-0.10290530097141726,-0.1126381675132321,-0.1126381675132321
34.0,-0.0741453916820062,-0.059488244421419895,-0.1284685013300705,-0.1284685013300705
34.1,-0.07777080321277062,-0.012678596044643534,-0.13608687889592738,-0.13608687889592738
34.2,-0.07665980182797864,0.03476704420224874,-0.13512742201879982,-0.13512742201879982
34.300000000000004,-0.07089124398585143,0.08000058473657133,-0.12577319168648993,-0.12577319168648993
34.4,-0.06082513874280461,0.12028020118638239,-0.10872897252645987,-0.10872897252645987
34.5,-0.04708243732373593,0.15315747592652174,-0.08516685023324826,-0.08516685023324826
34.6,-0.030507842115933125,0.1766269823571623,-0.05664572005729202,-0.05664572005729202
34.7,-0.0121198734897433,0.18923218274075743,-0.02500616536787491,-0.02500616536787491
34.800000000000004,0.0069479104628540666,0.19013952175611878,0.0077542407729114336,0.0077542407729114336
34.9,0.02551221465639514,0.17919669643956207,0.03961512997080185,0.03961512997080185
35.0,0.04241060063016172,0.15697957054155448,0.06866339738332872,0.06866339738332872
35.1,0.05657568120427615,0.1248132907304085,0.09320591936486482,0.09320591936486482
35.2,0.06710902318366493,0.08474064220586373,0.11185638974369264,0.11185638974369264
35.300000000000004,0.07334818319059393,0.039413454225909035,0.12359455465592604,0.12359455465592604
35.4,0.07491866960502291,-0.008099565118069266,0.12780203118524291,0.12780203118524291
35.5,0.07176312610433946,-0.054571221077961626,0.12428148522061169,0.12428148522061169
35.6,0.0641428817329516,-0.09690264341623935,0.11326435265273102,0.11326435265273102
35.7,0.05261139024628627,-0.13239060486515125,0.09540776794471655,0.09540776794471655
35.800000000000004,0.03796381638397556,-0.1589310439651171,0.07177619448500841,0.07177619448500841
35.9,0.02117069109594861,-0.17513100305783214,0.04380004459649451,0.04380004459649451
36.0,0.0033051704952184657,-0.1803272468988977,0.013204358549181484,0.013204358549181484
36.1,-0.014527837492076052,-0.17453583487764507,-0.018094230657249938,-0.018094230657249938
36.2,-0.031255641217713535,-0.1583710014806475,-0.048116180241088526,-0.048116180241088526
36.300000000000004,-0.0458935637258265,-0.13296711737377634,-0.07495991441571764,-0.07495991441571764
36.4,-0.05759371449464916,-0.09991606490868508,-0.09693786659679028,-0.09693786659679028
36.5,-0.0656878593239425,-0.06120831879227388,-0.11269227683509268,-0.11269227683509268
36.6,-0.0697235982479829,-0.019154221194203066,-0.12128100078007292,-0.12128100078007292
36.7,-0.06949090754846461,0.023731764479817126,-0.12223014512731958,-0.12223014512731958
36.800000000000004,-0.06503520103945137,0.06488269094306924,-0.11555487026926775,-0.11555487026926775
36.9,-0.056654220197417005,0.10184688952484802,-0.10175115792682655,-0.10175115792682655
37.0,-0.04487848444959151,0.13244419491736475,-0.08176013178151353,-0.08176013178151353
37.1,-0.030437669652933673,0.1548886297206072,-0.05690531687502276,-0.05690531687502276
37.2,-0.014216741248175376,0.1678711615854659,-0.02880372831721353,-0.02880372831721353
37.300000000000004,0.0027945472154780786,0.17061211644780688,0.0007452340254963394,0.0007452340254963394
37.4,0.019556564249798097,0.16289958247182434,0.02988439384804402,0.02988439384804402
37.5,0.03503830133874694,0.14512308379311775,0.05682447489108391,0.05682447489108391
37.6,0.04827879951247599,0.11829586707493073,0.07995758526889131,0.07995758526889131
37.7,0.05844939506447164,0.08404487054808125,0.0979483531355723,0.0979483531355723
37.800000000000004,0.06491233110388395,0.04454469956630397,0.10979826765134836,0.10979826765134836
37.9,0.06726936723895391,0.0023829173997217384,0.1148845296326772,0.1148845296326772
38.0,0.0653936636144787,-0.039636886817025055,0.11297834091669832,0.11297834091669832
38.1,0.05943986035522694,-0.07872901445474269,0.10424780296696473,0.10424780296696473
38.2,0.049830404417707155,-0.11236003329050663,0.08924806110215663,0.08924806110215663
38.300000000000004,0.037219996130544726,-0.13844650728067184,0.06889766505598448,0.06889766505598448
38.4,0.02244328050874995,-0.15548939603524392,0.04443734155412399,0.04443734155412399
38.5,0.0064527211374808885,-0.16263583056066494,0.017367092310430737,0.017367092310430737
38.6,-0.009746401183695583,-0.15967795901745332,-0.010639638398868646,-0.010639638398868646
38.7,-0.0251586240476058,-0.14701086984147502,-0.03784103511168038,-0.03784103511168038
38.800000000000004,-0.03885565729283745,-0.1255721831061906,-0.06254245693147989,-0.06254245693147989
38.9,-0.050027346808259425,-0.0967755530963435,-0.0832106792019659,-0.0832106792019659
39.0,-0.05802566354601851,-0.062436207286315555,-0.09857530985158293,-0.09857530985158293
39.1,-0.06240041353535034,-0.02467803516656638,-0.10770911726422212,-0.10770911726422212
39.2,-0.06292435382694382,0.014186078867112865,-0.11008313893389352,-0.11008313893389352
39.300000000000004,-0.05960504920558547,0.05179827089161487,-0.1055958687540725,-0.1055958687540725
39.4,-0.05268168703767313,0.08590923532675197,-0.09457714809218028,-0.09457714809218028
39.5,-0.042606952983035434,0.11451977385653585,-0.07776705332385299,-0.07776705332385299
39.6,-0.03001616588160441,0.1359918047152927,-0.056269410866375234,-0.056269410866375234
39.7,-0.01568720116128371,0.1491214072510962,-0.03148006172502209,-0.03148006172502209
39.800000000000004,-0.0004948064871789693,0.15317994682723127,-0.004992522752862655,-0.004992522752862655
39.9,0.014638178306468082,0.14793737219884037,0.021512340724386746,0.021512340724386746
40.0,0.028791565630853336,0.1336793617106256,0.04638225201733522,0.04638225201733522
40.1,0.0411000422911555,0.11121858439220583,0.06810302032762694,0.06810302032762694
40.2,0.05080573020172688,0.08188729852718095,0.08539111302183561,0.08539111302183561
40.300000000000004,0.05730828932548767,0.04749246830534316,0.09726288133914716,0.09726288133914716
40.4,0.06020802213331627,0.010219392996208897,0.10307905672819846,0.10307905672819846
40.5,0.05933668566992691,-0.027516634050387852,0.10256700213784813,0.10256700213784813
40.6,0.05477143194314281,-0.06325570864930563,0.09582467687926363,0.09582467687926363
40.7,0.04682942212008271,-0.09468960931737139,0.08330940207600011,0.08330940207600011
40.800000000000004,0.036043489626808214,-0.11983987853515407,0.06581228930260338,0.06581228930260338
40.9,0.02312192945242576,-0.1371941404949,0.04441717615771839,0.04441717615771839
41.0,0.008897294698695902,-0.14578886735611762,0.020442394685225008,0.020442394685225008
41.1,-0.005730424691242832,-0.14524011863813566,-0.004634794468194207,-0.004634794468194207
41.2,-0.019851542593592512,-0.13573363879805478,-0.029268135366903335,-0.029268135366903335
41.300000000000004,-0.03260198078621846,-0.11798805230916891,-0.05194032742213579,-0.05194032742213579
41.4,-0.04321395022038628,-0.09320004015760515,-0.0712604704825686,-0.0712604704825686
41.5,-0.05106032167427959,-0.06297257411561352,-0.0860523488159428,-0.0860523488159428
41.6,-0.05569080593075773,-0.02922198084808402,-0.09542692777551974,-0.09542692777551974
41.7,-0.05685763355833945,0.005939079103092186,-0.09883516583550517,-0.09883516583550517
41.800000000000004,-0.05452846303040679,0.04033872077527818,-0.0960997344568037,-0.0960997344568037
41.9,-0.04888506362966241,0.07189041725654213,-0.08742534264141444,-0.08742534264141444
42.0,-0.04030790679425797,0.09872721649556104,-0.07338733725451277,-0.07338733725451277
42.1,-0.029348560584864437,0.11930915836946704,-0.05489782664359389,-0.05489782664359389
42.2,-0.01669308451146249,0.13249545879469948,-0.03314899147718773,-0.03314899147718773
42.300000000000004,-0.0031199085103418974,0.1375837585468014,-0.009535076023366224,-0.009535076023366224
42.4,0.010544983267872404,0.13432691979052652,0.014442230761067038,0.014442230761067038
42.5,0.023473918247212233,0.12293874389774824,0.03727694362246517,0.03727694362246517
42.6,0.03488365132637106,0.10409314806615262,0.057560333065842496,0.057560333065842496
42.7,0.04408087436237834,0.0789111564345082,0.07407099169275622,0.07407099169275622
42.800000000000004,0.05050530232844887,0.04892315063037989,0.08584626775201597,0.08584626775201597
42.9,0.05376722937025797,0.015994537931633725,0.09223169942076562,0.09223169942076562
43.0,0.05367562651246695,-0.01778879579751487,0.0929086837595181,0.0929086837595181
43.1,0.050253050987326776,-0.05026727884176671,0.08790268929882371,0.08790268929882371
43.2,0.04373498931500593,-0.07936890754359345,0.07757459058252805,0.07757459058252805
43.300000000000004,0.03455325159799192,-0.10326310892299571,0.06259663534083298,0.06259663534083298
43.4,0.023305191189681957,-0.12048780013692979,0.043913398902556036,0.043913398902556036
43.5,0.010712079663545718,-0.13003779059477652,0.022687620377149068,0.022687620377149068
43.6,-0.0024292770684613578,-0.13141240441003252,0.00023184962731111723,0.00023184962731111723
43.7,-0.015297848783803886,-0.12462722581693644,-0.022071256748868822,-0.022071256748868822
43.800000000000004,-0.027099394144497725,-0.1101977354966928,-0.04285479143948776,-0.04285479143948776
43.9,-0.03711468510072348,-0.0891004351402455,-0.06085288760464832,-0.06085288760464832
44.0,-0.04474276867961518,-0.06271245348396144,-0.07497865343403336,-0.07497865343403336
44.1,-0.04953705501430273,-0.03272793112814266,-0.08438932983155671,-0.08438932983155671
44.2,-0.0512318300439849,-0.0010504660543168044,-0.08853529963753062,-0.08853529963753062
44.300000000000004,-0.04975698265040115,0.030333741470894758,-0.08719140661798973,-0.08719140661798973
44.4,-0.04523951611535068,0.059491041404248254,-0.08047005061797219,-0.08047005061797219
44.5,-0.037991761425038066,0.0846684528491131,-0.0688155952723865,-0.0688155952723865
44.6,-0.028487765044283457,0.10439991475362481,-0.052979366077757474,-0.052979366077757474
44.7,-0.017330566965305157,0.11758135635926084,-0.033974743135730505,-0.033974743135730505
44.800000000000004,-0.005213602055753552,0.12351371653814545,-0.013013169665493821,-0.013013169665493821
44.9,0.007120850412948935,0.12192047980942992,0.008575691297704436,0.008575691297704436
45.0,0.018924091297100994,0.11294905819267854,0.02943362495724268,0.02943362495724268
45.1,0.029483037836385454,0.09716218798753673,0.04826522318921776,0.04826522318921776
45.2,0.038160900176398914,0.0755185558364755,0.06392235634598047,0.06392235634598047
45.300000000000004,0.04443510827712405,0.04933572459920103,0.07547465451349886,0.07547465451349886
45.4,0.047930286821001034,0.020227048850331823,0.08226162084720497,0.08226162084720497
45.5,0.048443431430081015,-0.00999130209634454,0.0839249757501742,0.0839249757501742
45.6,0.04595842892152855,-0.03941920180447844,0.08042195513662705,0.08042195513662705
45.7,0.04064784802092482,-0.0662054981915179,0.07202117914076724,0.07202117914076724
45.800000000000004,0.03286142302140134,-0.08867890886304078,0.059282589437085656,0.059282589437085656
45.9,0.023102184144823578,-0.10546159787085563,0.04302233220889721,0.04302233220889721
46.0,0.01199257179845893,-0.11555485154555645,0.024263433048086515,0.024263433048086515
46.1,0.0002335635373998785,-0.11839300782809359,0.0041737599401201145,0.0041737599401201145
46.2,-0.011440059513797594,-0.1138673598305119,-0.016005765141655106,-0.016005765141655106
46.300000000000004,-0.022305508076841805,-0.10232416981051141,-0.03503811542167872,-0.03503811542167872
46.4,-0.031696428135,-0.0845399260082805,-0.05176659045131826,-0.05176659045131826
46.5,-0.0390437622699948,-0.061674314439162034,-0.06518502240361018,-0.06518502240361018
46.6,-0.04391074371945205,-0.035199700855189406,-0.07449709471822395,-0.07449709471822395
46.7,-0.04601965116765582,-0.006807126484595098,-0.07916174949724905,-0.07916174949724905
46.800000000000004,-0.04526813633810543,0.021707070533629802,-0.07892319900308224,-0.07892319900308224
46.9,-0.04173361489284168,0.04856467083692775,-0.07382498843288679,-0.07382498843288679
47.0,-0.03566535332968386,0.07212597278927604,-0.06420775103339829,-0.06420775103339829
47.1,-0.027465230729429538,0.09099379360770347,-0.05069017326232638,-0.05069017326232638
47.2,-0.01765934821465778,0.1040914258131806,-0.03413280829070787,-0.03413280829070787
47.300000000000004,-0.00686331010585336,0.11071125074595266,-0.015585254235245188,-0.015585254235245188
47.4,0.0042559958728053664,0.11053709234020605,0.003781037988300819,0.003781037988300819
47.5,0.015019815613690621,0.10364695965235815,0.02274986980000046,0.02274986980000046
47.6,0.02477649516665935,0.09050209853875402,0.04014094881095301,0.04014094881095301
47.7,0.03293876914124143,0.07192409360789014,0.054886996472355114,0.054886996472355114
47.800000000000004,0.0390180531407153,0.049057222592981446,0.06610081451448262,0.06610081451448262
47.9,0.04265403384241469,0.02331124491615905,0.07312764609472104,0.07312764609472104
48.0,0.04363742227503814,-0.0037181984124300222,0.07558044263524864,0.07558044263524864
48.1,0.04192369835089047,-0.030349251611484655,0.07335756052761608,0.07335756052761608
48.2,0.037636211632682604,-0.054925509991153,0.0666435895599639,0.0666435895599639
48.300000000000004,0.0310579817908375,-0.07592792324824882,0.05589428930886465,0.05589428930886465
48.4,0.02261282000535355,-0.09207490235714633,0.04180667395884638,0.04180667395884638
48.5,0.012837415918359473,-0.10240167034442055,0.025275342366630087,0.025275342366630087
48.6,0.002346723778260386,-0.10631460783487068,0.007336829200401612,0.007336829200401612
48.7,-0.008204822698302206,-0.103620671887657,-0.010895105603340723,-0.010895105603340723
48.800000000000004,-0.018163881573140313,-0.09453404530920016,-0.02829908406943587,-0.02829908406943587
48.9,-0.026918373859392237,-0.07966170487598764,-0.04381557510012861,-0.04381557510012861
49.0,-0.03393517702683948,-0.05996811208109752,-0.05651117196243618,-0.05651117196243618
49.1,-0.03879318958992254,-0.036717790636210335,-0.06563346707753621,-0.06563346707753621
49.2,-0.04120953986753705,-0.011395798734691738,-0.07065364696235203,-0.07065364696235203
49.300000000000004,-0.04105684890927024,0.014390739163863055,-0.07129530238294157,-0.07129530238294157
49.4,-0.038369993209161415,0.039022554057687536,-0.06754888767130963,-0.06754888767130963
49.5,-0.03334174929101754,0.060978752800605836,-0.059671605780589346,-0.059671605780589346
49.6,-0.02630784798684648,0.0789362028167427,-0.048172510694472453,-0.048172510694472453
49.7,-0.017723060502472323,0.09184831444966743,-0.033782714364521876,-0.033782714364521876
49.800000000000004,-0.008130657000247865,0.0989984233727825,-0.01741117908204181,-0.01741117908204181
49.9,0.001872198615251938,0.1000281241548248,-8.781058656218144e-05,-8.781058656218144e-05
50.0,0.011670792393248652,0.09494456605258897,0.01710276807662866,0.01710276807662866
50.1,0.02066908370299499,0.08411137850163178,0.033091835898266864,0.033091835898266864
50.2,0.02832432509628695,0.06822588457731325,0.046895789561194244,0.046895789561194244
50.300000000000004,0.03417871443381964,0.04828223365061623,0.057678351319437195,0.057678351319437195
50.4,0.037886566917108636,0.02551831292497914,0.06480127325113846,0.06480127325113846
50.5,0.039235298162673536,0.0013450822815863975,0.06786069317052627,0.06786069317052627
50.6,0.03815852830446095,-0.022739803873321484,0.06670793491927064,0.06670793491927064
50.7,0.03473999261297619,-0.04524820328680117,0.06145464958522812,0.06145464958522812
50.800000000000004,0.02920769291629495,-0.06479862033555372,0.05246279967931583,0.05246279967931583
50.9,0.021918700204202536,-0.08020475981538713,0.040320310816022484,0.040320310816022484
51.0,0.013335855703487423,-0.09054795925411192,0.02580347890850744,0.02580347890850744
51.1,0.003998222297578064,-0.0952293691554457,0.009827882630607807,0.009827882630607807
51.2,-0.005512625951328641,-0.09400109805070177,-0.006609484352685684,-0.006609484352685684
51.300000000000004,-0.014608421143022025,-0.08697743372261657,-0.022493099180305856,-0.022493099180305856
51.4,-0.022730192239114377,-0.0746271931004042,-0.036852311724741765,-0.036852311724741765
51.5,-0.029382552907722844,-0.05774724363471363,-0.04882067237942739,-0.04882067237942739
51.6,-0.03416436292122608,-0.03741624566851954,-0.057687256423778636,-0.057687256423778636
51.7,-0.03679375701973334,-0.014928392104384975,-0.06293713851618724,-0.06293713851618724
51.800000000000004,-0.03712562862990422,0.008290579000886818,-0.06427940629988176,-0.06427940629988176
51.9,-0.03516005056254562,0.03077938967768751,-0.061662045930459826,-0.061662045930459826
52.0,-0.03104085107359142,0.051140481203154675,-0.0552735245008974,-0.0552735245008974
52.1,-0.02504451901110165,0.06813256761073333,-0.045531060973423056,-0.045531060973423056
52.2,-0.01756056402503617,0.0807477047811495,-0.03305571933874353,-0.03305571933874353
52.300000000000004,-0.009065194144714933,0.08826731587745733,-0.018634887798326016,-0.018634887798326016
52.4,-9.05205827922851e-05,0.09029569212181902,-0.003173592680314476,-0.003173592680314476
52.5,0.008808527750235232,0.08677274214263718,0.012362684249288002,0.012362684249288002
52.6,0.01708765781560751,0.07796917069629442,0.027009782395685692,0.027009782395685692
52.7,0.02424541750420234,0.06446660351985704,0.03986653778509834,0.03986653778509834
52.800000000000004,0.029852702970134003,0.04712347341305674,0.05015160087650773,0.05015160087650773
52.9,0.0335781221239667,0.027026221850214527,0.057251298153477626,0.057251298153477626
53.0,0.03520773559224227,0.005425697111843477,0.060755655273986194,0.060755655273986194
53.1,0.03465776783712695,-0.0163393471230806,0.06048092587095668,0.06048092587095668
53.2,0.03197920107057169,-0.036926936089045875,0.05647801962965961,0.05647801962965961
53.300000000000004,0.02735378085996362,-0.055077686637741013,0.04902692576353456,0.04902692576353456
53.4,0.021081719527587015,-0.06969409557175743,0.03861766711283731,0.03861766711283731
53.5,0.013562053965180601,-0.0799068008990958,0.025918666627465805,0.025918666627465805
53.6,0.005267218414392494,-0.08512392608523733,0.011734150494954815,0.011734150494954815
53.7,-0.0032864139009062057,-0.08506225758123633,-0.0030470317267166434,-0.0030470317267166434
53.800000000000004,-0.011570215183586884,-0.07976074340340553,-0.017507839023077624,-0.017507839023077624
53.9,-0.019075489453411403,-0.06957710984297293,-0.030760731309989554,-0.030760731309989554
54.0,-0.025344482571818802,-0.05516765391590663,-0.04200245950220649,-0.04200245950220649
54.1,-0.029998504051753597,-0.037449676316123774,-0.050562216514033184,-0.050562216514033184
54.2,-0.032761418290095275,-0.017546364477516452,-0.05594037216164209,-0.05594037216164209
54.300000000000004,-0.033476803322107694,0.003284366931532996,-0.05783600631040806,-0.05783600631040806
54.4,-0.0321173305626508,0.02373280068840018,-0.05616235562617316,-0.05616235562617316
54.5,-0.028785582753497022,0.04252513223219279,-0.05105004918839566,-0.05105004918839566
54.6,-0.02370617639127589,0.05850784831801916,-0.04283810840519892,-0.04283810840519892
54.7,-0.01720994987377825,0.07072092430877015,-0.03205305211064981,-0.03205305211064981
54.800000000000004,-0.00971164293295587,0.07845418179063401,-0.01937676846889225,-0.01937676846889225
54.9,-0.0016828992917877139,0.08128420542625403,-0.005604466066450892,-0.005604466066450892
55.0,0.006377445277899779,0.0790919705412869,0.008405060640980212,0.008405060640980212
55.1,0.013973943747755128,0.07206298310359016,0.0217836677120444,0.0217836677120444
55.2,0.02064434479995793,0.060671844380302584,0.033708750550391575,0.033708750550391575
55.300000000000004,0.025987126600785337,0.04565241963819179,0.04345474770320651,0.04345474770320651
55.4,0.029685350742324743,0.02795405537756489,0.05043766218025024,0.05043766218025024
55.5,0.03152545759117954,0.00868450968505791,0.05424979480861386,0.05424979480861386
55.6,0.031409782717838945,-0.010958338867166023,0.0546829280042832,0.0546829280042832
55.7,0.02936182193027958,-0.029762005124925148,0.05173900563313624,0.05173900563313624
55.800000000000004,0.025523834731671618,-0.046576271021086565,0.045628137618720005,0.045628137618720005
55.9,0.02014696072831109,-0.06038501324103992,0.036754176377854435,0.036754176377854435
56.0,0.013574642791155377,-0.07036733343780584,0.025688589975769564,0.025688589975769564
56.1,0.006220640555751222,-0.07594425790417719,0.013133968679401737,0.013133968679401737
56.2,-0.001456832253833251,-0.0768094495968754,-0.00012076951948058199,-0.00012076951948058199
56.300000000000004,-0.008983240104144878,-0.07294397380344265,-0.013250601882437162,-0.013250601882437162
56.4,-0.01589656271573479,-0.06461571296187828,-0.025446555869832126,-0.025446555869832126
56.5,-0.02177532014988741,-0.05236368390454893,-0.035966066888339414,-0.035966066888339414
56.6,-0.02626426126167871,-0.036967061046316765,-0.044178048164994606,-0.044178048164994606
56.7,-0.02909619544977457,-0.01939893263436897,-0.04959993683063217,-0.04959993683063217
56.800000000000004,-0.03010847141953277,-0.0007658754563205517,-0.05192480132359791,-0.05192480132359791
56.9,-0.02925283490607634,0.017763368429518027,-0.051037492491706596,-0.051037492491706596
57.0,-0.02659781332194513,0.03503480528984354,-0.04701945604972955,-0.04701945604972955
57.1,-0.022323415371313285,0.0499849722192849,-0.04014228682955838,-0.04014228682955838
57.2,-0.016708589290294965,0.061708901210254186,-0.030850365968344253,-0.030850365968344253
57.300000000000004,-0.01011250734591444,0.0695149053786162,-0.019733299233715324,-0.019733299233715324
57.4,-0.002951171809645676,0.07296303965746644,-0.007489400769799465,-0.007489400769799465
57.5,0.004328963611148734,0.07188634377730992,0.005117832444133875,0.005117832444133875
57.6,0.011278660027781872,0.06639554220800192,0.01730757457575257,0.01730757457575257
57.7,0.017473255527228143,0.05686845638059112,0.02833061625578381,0.02833061625578381
57.800000000000004,0.022538248138479943,0.04392517353927419,0.03751596985478747,0.03751596985478747
57.9,0.026171715175921165,0.028389825473551487,0.04431193719678577,0.04431193719678577
58.0,0.028162290242068025,0.011240025573541756,0.04831909571510089,0.04831909571510089
58.1,0.02840154111533921,-0.006454014487816417,0.049313371264397936,0.049313371264397936
58.2,0.026889890149340706,-0.023597066080534232,0.0472581524919221,0.0472581524919221
58.300000000000004,0.023735633998122726,-0.03913823741985231,0.04230501472831817,0.04230501472831817
58.4,0.019147179169414708,-0.05213655764922154,0.03478316073180819,0.03478316073180819
58.5,0.013419118859506207,-0.06181778148174799,0.025178106447801708,0.025178106447801708
58.6,0.006913225695650915,-0.06761881659296486,0.014100705339169375,0.014100705339169375
58.7,3.570256101341116e-05,-0.0692179577403178,0.0022482549707546953,0.0022482549707546953
58.800000000000004,-0.0067878608891187514,-0.06655060024168788,-0.009639865010199984,-0.009639865010199984
58.9,-0.013138393574770653,-0.059810805689446384,-0.020829011236107055,-0.020829011236107055
59.0,-0.018628709767248328,-0.04943907134474326,-0.030635235541335737,-0.030635235541335737
59.1,-0.022926977098715506,-0.0360965297599703,-0.03846722321614087,-0.03846722321614087
59.2,-0.025776925051498104,-0.020625670943766862,-0.04386152771881411,-0.04386152771881411
59.300000000000004,-0.027013495045371816,-0.003998685517258146,-0.04650914537056742,-0.04650914537056742
59.4,-0.02657280015212586,0.012744073661151087,-0.046272240322748855,-0.046272240322748855
59.5,-0.02449560504721751,0.02856131749732503,-0.043190500387110024,-0.043190500387110024
59.6,-0.020924022064392356,0.042478358317744554,-0.03747707698768696,-0.03747707698768696
59.7,-0.016091676511787695,0.0536492747289925,-0.02950444074256785,-0.02950444074256785
59.800000000000004,-0.010308125654822427,0.061408881362285096,-0.01978085319547796,-0.01978085319547796
59.9,-0.003938750199001708,0.06531115844962881,-0.008918634538101076,-0.008918634538101076
60.0,0.002618468970838463,0.06515274877779943,0.002404063640285499,0.002404063640285499
60.1,0.008957759522138033,0.06098133010345498,0.013485637983566877,0.013485637983566877
60.2,0.014690469669275695,0.053089482318756986,0.02364479989575274,0.02364479989575274
60.300000000000004,0.019468683305581838,0.041994919400794126,0.03226276073516905,0.03226276073516905
60.4,0.023006206463358915,0.02840794049222207,0.03882103395059669,0.03882103395059669
60.5,0.025095706667937923,0.013187218522827462,0.042932475520602933,0.042932475520602933
60.6,0.025620926248205195,-0.002714054122638015,0.044363814052274034,0.044363814052274034
60.7,0.02456315424629243,-0.018308524289937612,0.043048569799180765,0.043048569799180765
60.800000000000004,0.0220015111176012,-0.0326372873733429,0.03908982683390571,0.03908982683390571
60.9,0.018107061553201804,-0.04482990619244437,0.03275280451569756,0.03275280451569756
61.0,0.013131243585451527,-0.054157360635269186,0.024447628909952078,0.024447628909952078
61.1,0.007389510811933408,-0.060074435453345114,0.01470319601291159,0.01470319601291159
61.2,0.0012413468824040033,-0.06224955903084241,0.0041335801061894925,0.0041335801061894925
61.300000000000004,-0.00493203115974,-0.060581380292654245,-0.006600925526849405,-0.006600925526849405
61.4,-0.010750981268079857,-0.05520225460651759,-0.016835580714286456,-0.016835580714286456
61.5,-0.015860450909508245,-0.046468990075529806,-0.02594287765922151,-0.02594287765922151
61.6,-0.01995143927322648,-0.034941206234676135,-0.03337126727932436,-0.03337126727932436
61.7,-0.022779696798045052,-0.02134775545645537,-0.03867841076963133,-0.03867841076963133
61.800000000000004,-0.024180507368131158,-0.00654220683404926,-0.04155700134647093,-0.04155700134647093
61.9,-0.02407855113024428,0.00855054257689256,-0.041851860575026066,-0.041851860575026066
62.0,-0.022492123689228673,0.022993148195563154,-0.039567636595552284,-0.039567636595552284
62.1,-0.019531367508050016,0.035895837242317444,-0.03486692555508732,-0.03486692555508732
62.2,-0.01539064814870131,0.04647281248919105,-0.028059081563699035,-0.028059081563699035
62.300000000000004,-0.010335648932416223,0.05409074187985016,-0.019580334404797943,-0.019580334404797943
62.4,-0.004686153121201589,0.05830616423601178,-0.009966293858636196,-0.009966293858636196
62.5,0.0012042806090840257,0.05888999006439594,0.0001816190699751607,0.0001816190699751607
62.6,0.006970417549687586,0.05583848422718508,0.010233776083870948,0.010233776083870948
62.7,0.012257875086019374,0.049370940958466523,0.019571558672985205,0.019571558672985205
62.800000000000004,0.01674477083469643,0.03991449862994753,0.027625595772842838,0.027625595772842838
62.9,0.02016124457166494,0.028077004822821425,0.03391050154822493,0.03391050154822493
63.0,0.022305709147212627,0.014608893475376063,0.03805396886614427,0.03805396886614427
63.1,0.02305681269196558,0.00035591410546651067,0.03981853902699867,0.03981853902699867
63.2,0.02238032677755773,-0.013794490688286835,0.039114922873938245,0.039114922873938245
63.300000000000004,0.02033050536125973,-0.026969518970496143,0.03600628401115177,0.03600628401115177
63.4,0.017045847411823203,-0.03836585184808357,0.030703334945944842,0.030703334945944842
63.5,0.012739624670031261,-0.0472989009646061,0.02355053625485355,0.02355053625485355
63.6,0.007685903279917565,-0.053243239005676124,0.015004127561554864,0.015004127561554864
63.7,0.0022020605088584632,-0.055861991827342174,0.005603213282351555,0.005603213282351555
63.800000000000004,-0.003371041603074354,-0.05502422772255952,-0.004064345614377073,-0.004064345614377073
63.9,-0.008690014936273211,-0.05081022834484745,-0.01339902708019344,-0.01339902708019344
64.0,-0.013429834734123987,-0.04350492025152885,-0.021827232454611552,-0.021827232454611552
64.1,-0.017303498431368917,-0.033579904459736146,-0.0288368069315356,-0.0288368069315356
64.2,-0.020079340799393462,-0.0216646749266745,-0.03400816295445903,-0.03400816295445903
64.3,-0.021594968721678914,-0.008508038485122242,-0.03703911152321881,-0.03703911152321881
64.4,-0.021766923046612305,0.005068451066574572,-0.037762062549791454,-0.037762062549791454
64.5,-0.02059539461616305,0.018222278662860285,-0.03615279457065414,-0.03615279457065414
64.6,-0.01816364369081848,0.03014334826464914,-0.03233049543095339,-0.03233049543095339
64.7,-0.014632174701561324,0.040104961624586044,-0.026549233031701425,-0.026549233031701425
64.8,-0.010228090578371223,0.04750865529537694,-0.01918137872366291,-0.01918137872366291
64.9,-0.005230396396618998,0.051919910467015724,-0.010693923719793722,-0.010693923719793722
65.0,4.772521603483388e-05,0.0530928266156373,-0.0016190700163066253,-0.0016190700163066253
65.1,0.005278513899451262,0.05098284929087828,0.007479117348808663,0.007479117348808663
65.2,0.010139897958012161,0.04574742090323399,0.016039863932756922,0.016039863932756922
65.3,0.014335232918823564,0.03773478528856601,0.023540357041958702,0.023540357041958702
65.4,0.017611351780807256,0.027461689338769635,0.0295276618704352,0.0295276618704352
65.5,0.01977387093657817,0.015580846439457067,0.033645928597630735,0.033645928597630735
65.6,0.020698791971805738,0.0028397747440347732,0.035657283522207796,0.035657283522207796
65.7,0.020339652669597166,-0.00996656802763212,0.03545529651820973,0.03545529651820973
65.8,0.018729760177046785,-0.022046234401581585,0.03307039232987958,0.03307039232987958
65.9,0.01597937518873374,-0.03266017039163313,0.0286669915287691,0.0286669915287691
66.0,0.012268090925453053,-0.04116783778384617,0.022532577878905866,0.022532577878905866
66.1,0.00783299337287769,-0.0470655575638656,0.01505929754650979,0.01505929754650979
66.2,0.002953451166674743,-0.050015319151232834,0.00671911876655168,0.00671911876655168
66.3,-0.002066447890575797,-0.049862813427002745,-0.001965960675734435,-0.001965960675734435
66.4,-0.006916704467566178,-0.04664435702492027,-0.01045676874918453,-0.01045676874918453
66.5,-0.011300357640267909,-0.04058281979821554,-0.018230711611597943,-0.018230711611597943
66.6,-0.014951493274990055,-0.03207297498748144,-0.02481417320172917,-0.02481417320172917
66.7,-0.0176512848548436,-0.0216569238039224,-0.029811435650996677,-0.029811435650996677
66.8,-0.019241120270327785,-0.009990608043473702,-0.032928326618752696,-0.032928326618752696
66.9,-0.01963199974556399,0.002196967114087057,-0.03398924731330601,-0.03398924731330601
67.0,-0.01880958224996766,0.014149428343026025,-0.03294670961399652,-0.03294670961399652
67.1,-0.016834556153279737,0.02513060589655049,-0.029883019285128,-0.029883019285128
67.2,-0.013838279694497984,0.03447059378864034,-0.025004073384702466,-0.025004073384702466
67.3,-0.010014041221390364,0.041607003362530946,-0.018625744786251744,-0.018625744786251744
67.4,-0.005604549735858772,0.0461186901104332,-0.011153641953141565,-0.011153641953141565
67.5,-0.0008865134900652325,0.04775005185164674,-0.00305745030426073,-0.00305745030426073
67.6,0.0038466997454174694,0.04642478276301675,0.005158589999970379,0.005158589999970379
67.7,0.008303221712304283,0.04224880229842266,0.012987145935379682,0.012987145935379682
67.8,0.012210603724185486,0.03550242655060873,0.019949199816686428,0.019949199816686428
67.9,0.015332433917315001,0.026622224170962754,0.02562336576077304,0.02562336576077304
68.0,0.017482657516374643,0.016173455964790966,0.02967127206033496,0.02967127206033496
68.1,0.018536724860691703,0.004814455613580701,0.03185751893642886,0.03185751893642886
68.2,0.018438857479133004,-0.006745014497578845,0.032063120775518664,0.032063120775518664
68.3,0.017204956813553364,-0.017788721142839213,0.03029176211153026,0.03029176211153026
68.4,0.014920982787134631,-0.02763907998199473,0.026668611400646434,0.026668611400646434
68.5,0.011736947456445424,-0.03569922013185788,0.021431807423203934,0.021431807423203934
68.60000000000001,0.007856979729137051,-0.04148908228127951,0.014917112534288726,0.014917112534288726
68.7,0.003526167020202083,-0.04467338921628879,0.007536606755487658,0.007536606755487658
68.8,-0.0009849197938689084,-0.04508008110333985,-0.000247288873868959,-0.000247288873868959
68.9,-0.00539705716439426,-0.04270868894955121,-0.00795086844718811,-0.00795086844718811
69.0,-0.009439522716468769,-0.037728546382407344,-0.01509937139898983,-0.01509937139898983
69.10000000000001,-0.012866571961082644,-0.030467166081864023,-0.02125641243521921,-0.02125641243521921
69.2,-0.015472290584571294,-0.021389448573740356,-0.02605069743957609,-0.02605069743957609
69.3,-0.017102945976827315,-0.011068681576571825,-0.029198352132802734,-0.029198352132802734
69.4,-0.017666087236318722,-0.0001507860623038296,-0.030519554169066324,-0.030519554169066324
69.5,-0.01713581619940033,0.010686087128109485,-0.029948567811101185,-0.029948567811101185
69.60000000000001,-0.015553892629160411,0.0207740377201378,-0.02753671645945467,-0.02753671645945467
69.7,-0.013026607911131796,0.029497044905357955,-0.023448209405630388,-0.023448209405630388
69.8,-0.00971766081265861,0.03632884338924556,-0.017949138933312216,-0.017949138933312216
69.9,-0.005837538354839008,0.04086457841106072,-0.01139031917377412,-0.01139031917377412
70.0,-0.0016301230168116782,0.042844377960661796,-0.004185003863459989,-0.004185003863459989
70.10000000000001,0.0026426017316310054,0.042167705780419056,0.0032171385167021217,0.0032171385167021217
70.2,0.006716801771046642,0.038897983373831,0.010358153941329398,0.010358153941329398
70.3,0.010343006546112473,0.033257453799672335,0.016800198882090393,0.016800198882090393
70.4,0.013301344169736565,0.025612639467078698,0.02215240781696966,0.02215240781696966
70.5,0.01541487361486415,0.016451121915142263,0.02609452054423726,0.02609452054423726
70.60000000000001,0.01656021297798984,0.006350822544474261,0.028395876007331223,0.028395876007331223
70.7,0.016674788061329722,-0.004056461123981584,0.028928692286066787,0.028928692286066787
70.8,0.01576024306533922,-0.01412497417909487,0.027674958938717874,0.027674958938717874
70.9,0.013881796522917083,-0.023235636320009065,0.024726622954960354,0.024726622954960354
71.0,0.011163620418927815,-0.030834556405284225,0.02027913004386265,0.02027913004386265
71.10000000000001,0.007780583775843431,-0.0364668030966752,0.014618708443128205,0.014618708443128205
71.2,0.003946947660392897,-0.03980329473099536,0.008104145601743076,0.008104145601743076
71.3,-9.722195815655408e-05,-0.040659373783820923,0.0011441505029765797,0.0011441505029765797
71.4,-0.004101049439224527,-0.03900430497525665,-0.005828296056330018,-0.005828296056330018
71.5,-0.007818328977170896,-0.034961495951168486,-0.012382970106679235,-0.012382970106679235
71.60000000000001,-0.011022570360541793,-0.02879963661160132,-0.018119064210650536,-0.018119064210650536
71.7,-0.01352072599395104,-0.020915326734998328,-0.022689757017491402,-0.022689757017491402
71.8,-0.015164788900837166,-0.011808080612401795,-0.025823151930732157,-0.025823151930732157
71.9,-0.015860569644423735,-0.0020490511744272848,-0.027338345266840043,-0.027338345266840043
72.0,-0.015573100754023737,0.007754730462796473,-0.027155709204704045,-0.027155709204704045
72.10000000000001,-0.014328331712205539,0.016998324033374694,-0.025300867206787675,-0.025300867206787675
72.2,-0.01221102497983644,0.025116508125639644,-0.021902218951957743,-0.021902218951957743
72.3,-0.009359012458129173,0.031618522100324814,-0.017182212687050925,-0.017182212687050925
72.4,-0.005954219784115737,0.03611765956179153,-0.011442917703138936,-0.011442917703138936
72.5,-0.0022110634080841243,0.03835394421870395,-0.005046775233813069,-0.005046775233813069
72.60000000000001,0.001637022439684934,0.03820871998627879,0.0016062758141951938,0.0016062758141951938
72.7,0.0053520866603041645,0.03571056189229936,0.008103852830786485,0.008103852830786485
72.8,0.008706312548551297,0.031032299990814083,0.014046761917756277,0.014046761917756277
72.9,0.01149593443528228,0.0244795583686833,0.01907353891499211,0.01907353891499211
73.0,0.013553607034329647,0.01647128253114489,0.022882389873473397,0.022882389873473397
73.10000000000001,0.0147584714862962,0.007513310684453456,0.025249190198431047,0.025249190198431047
73.2,0.015043286540017018,-0.0018334716441115236,0.026040494014586708,0.026040494014586708
73.3,0.014398188648839945,-0.010988471461317434,0.0252208828443163,0.0252208828443163
73.4,0.012870837814029139,-0.01938785234710427,0.0228542854334544,0.0228542854334544
73.5,0.010562965891434576,-0.026519633545115228,0.019099263756115623,0.019099263756115623
73.60000000000001,0.007623580379202937,-0.0319550573076729,0.014198571115398415,0.014198571115398415
73.7,0.004239309533621813,-0.03537418921217911,0.00846362339829046,0.00846362339829046
73.8,0.0006225329619432398,-0.0365843346284147,0.0022548116612479533,0.0022548116612479533
73.9,-0.0030019281576483038,-0.03553037612839036,-0.004041119875218895,-0.004041119875218895
74.0,-0.006410734354201517,-0.03229669221887846,-0.010035203788307821,-0.010035203788307821
74.10000000000001,-0.0093957244502954,-0.027100747474666002,-0.015360343237568493,-0.015360343237568493
74.2,-0.011776573988954493,-0.020278791189194404,-0.019693838204900206,-0.019693838204900206
74.3,-0.01341165834036176,-0.012264470844048046,-0.022776922566411114,-0.022776922566411114
74.4,-0.014206471125750372,-0.003561542008422911,-0.024430139072208586,-0.024430139072208586
74.5,-0.014119083390763357,0.005287719644955214,-0.024563669377887523,-0.024563669377887523
74.60000000000001,-0.01316231168229619,0.013736450824612943,-0.02318207129950959,-0.02318207129950959
74.7,-0.011402464488431905,0.02126717942806767,-0.020383194740474585,-0.020383194740474585
74.8,-0.008954786004558093,0.02742366417345192,-0.016351416338838617,-0.016351416338838617
74.9,-0.005975912433257248,0.03183849141045098,-0.011345610462316457,-0.011345610462316457
75.0,-0.002653847949844942,0.03425474861936273,-0.005682600524839772,-0.005682600524839772
75.10000000000001,0.0008038762487687359,0.03454062067694923,0.0002828696139217219,0.0002828696139217219
75.2,0.0041831211203651264,0.032696240731492215,0.0061803870294742,0.0061803870294742
75.3,0.007276344705572776,0.028852566423133795,0.011646922336935933,0.011646922336935933
75.4,0.009895300879168921,0.02326244209867906,0.01634921006965691,0.01634921006965691
75.5,0.011882473547487322,0.016284362690956268,0.0200040445826157,0.0200040445826157
75.60000000000001,0.013120560124424687,0.008359826445742048,0.022395256218865747,0.022395256218865747
75.7,0.01353941580408091,-1.4456930123312502e-05,0.02338636183144865,0.02338636183144865
75.8,0.013120037030591298,-0.008317783056627118,0.022928209771419128,0.022928209771419128
75.9,0.011895331154685645,-0.016038090669200148,0.021061221457068454,0.021061221457068454
76.0,0.009947642488368371,-0.022703823237243945,0.017912162873332527,0.017912162873332527
76.10000000000001,0.007403221461993678,-0.027912883803997972,0.013685680753496673,0.013685680753496673
76.2,0.00442402335066284,-0.03135682920365603,0.008651131040944053,0.008651131040944053
76.3,0.0011973863734067542,-0.03283887243502331,0.003125503597206667,0.003125503597206667
76.4,-0.00207573990253686,-0.032284763021794866,-0.0025464985243660444,-0.0025464985243660444
76.5,-0.005193277502743543,-0.029746088971235134,-0.008013974203516745,-0.008013974203516745
76.60000000000001,-0.007964451425260576,-0.025395988204110122,-0.01294156590781192,-0.01294156590781192
76.7,-0.010221425360815583,-0.0195175494837919,-0.017030056072069432,-0.017030056072069432
76.8,-0.011829435741989233,-0.012485683854727075,-0.020034508928895328,-0.020034508928895328
76.9,-0.012694835575493033,-0.004743424949536222,-0.02177889683098561,-0.02177889683098561
77.0,-0.012770538865715612,0.0032259219632370844,-0.02216632219205148,-0.02216632219205148
77.10000000000001,-0.012058548471685738,0.010929031282722455,-0.02118429241232088,-0.02118429241232088
77.2,-0.010609418799718232,0.017893241712001864,-0.018904780098778565,-0.018904780098778565
77.3,-0.008518711835199436,0.023695680007990376,-0.015479114031543773,-0.015479114031543773
77.4,-0.005920699151587431,0.02798890170444036,-0.011128036423578257,-0.011128036423578257
77.5,-0.002979743361559429,0.030521511271441454,-0.006127557342516349,-0.006127557342516349
77.60000000000001,0.00012008640444435641,0.031152608077546037,-0.0007914741852868869,-0.0007914741852868869
77.7,0.003186499792211408,0.02985933591085412,0.00454833287929407,0.00454833287929407
77.8,0.0060308673821499,0.026737229561669084,0.009562580712782843,0.009562580712782843
77.9,0.008479780651563552,0.021993466650138595,0.013944919197863134,0.013944919197863134
78.0,0.010385596587144528,0.015933429519048463,0.01743064469404462,0.01743064469404462
78.10000000000001,0.011635335849280296,0.008941323138834055,0.019812637588150904,0.019812637588150904
78.2,0.012157389299599981,0.0014559852277205825,0.02095357419800722,0.02095357419800722
78.3,0.01192562453705509,-0.006056663314875781,0.020793725735794067,0.020793725735794067
78.4,0.010960642227560477,-0.013132766832739461,0.0193539358958373,0.0193539358958373
78.5,0.009328117545978596,-0.019339370337690672,0.01673365446650617,0.01673365446650617
78.60000000000001,0.0071343525997943635,-0.024301040257535378,0.013104185918603857,0.013104185918603857
78.7,0.004519352791181212,-0.027722567612524576,0.00869759247146552,0.00869759247146552
78.8,0.0016478821438106952,-0.029406365262057813,0.0037919252925790697,0.0037919252925790697
78.9,-0.0013009105486883952,-0.029263627175932914,-0.0013062787048536309,-0.0013062787048536309
79.0,-0.004144646693953946,-0.027318712801501787,-0.006281147248282927,-0.006281147248282927
79.10000000000001,-0.006708965696509787,-0.023706648823516255,-0.01082705672191094,-0.01082705672191094
79.2,-0.008838188725868284,-0.018663924482465757,-0.014667423854884173,-0.014667423854884173
79.3,-0.010404742760302125,-0.01251322908102624,-0.017571504766180805,-0.017571504766180805
79.4,-0.011316801221639519,-0.005642974701830561,-0.01936822247539583,-0.01936822247539583
79.5,-0.011523657324988853,0.0015171742874738737,-0.019956171796299698,-0.019956171796299698
79.60000000000001,-0.011018517456892526,0.008523221453256057,-0.019309256962997227,-0.019309256962997227
79.7,-0.009838550804506208,0.014944481255354039,-0.017477665050483097,-0.017477665050483097
79.8,-0.00806221343752082,0.020390151255542395,-0.014584159992817005,-0.014584159992817005
79.9,-0.0058040393934690815,0.024533096945284064,-0.010815948449627903,-0.010815948449627903
80.0,-0.003207260280495289,0.027129362640171066,-0.0064126422167252025,-0.0064126422167252025
80.10000000000001,-0.0004347289424600745,0.028032331670185557,-0.0016510573048749162,-0.0016510573048749162
80.2,0.0023412681403034716,0.027200766862442508,0.0031721861961256487,0.0031721861961256487
80.3,0.004949682163008177,0.024700365793240944,0.007759166244868985,0.007759166244868985
80.4,0.0072312032662808935,0.020698875022197326,0.011829084376000523,0.011829084376000523
80.5,0.009047963156211617,0.015455067746165008,0.01513545933587184,0.01513545933587184
80.60000000000001,0.010291855495936579,0.009302233124320197,0.01748102434057145,0.01748102434057145
80.7,0.010890968270667151,0.002627151499972628,0.01872943045041155,0.01872943045041155
80.8,0.010813740087283853,-0.00415418389869664,0.018813083576554812,0.018813083576554812
80.9,0.01007058846001439,-0.010622563618183683,0.017736688618949187,0.017736688618949187
81.0,0.008712924005049189,-0.016381603258573532,0.015576340683509665,0.015576340683509665
81.10000000000001,0.0068296255947092165,-0.021082129093682473,0.012474249301964927,0.012474249301964927
81.2,0.004541232645758011,-0.024443363179388135,0.008629463634038733,0.008629463634038733
81.3,0.001992224953187894,-0.026269585392183353,0.0042851515416442165,0.0042851515416442165
81.4,-0.0006580906866945507,-0.026461354658199904,-0.0002867403469863591,-0.0002867403469863591
81.5,-0.0032455198886654386,-0.025020709289054855,-0.004802499290704019,-0.004802499290704019
81.60000000000001,-0.005611129016404828,-0.02205014131335026,-0.00898425670740856,-0.00898425670740856
81.7,-0.007610986843523584,-0.017745498261586713,-0.012577092695147308,-0.012577092695147308
81.8,-0.009124900586872006,-0.012383183723486079,-0.0153645546449954,-0.0153645546449954
81.9,-0.010063633180173096,-0.006302605160715911,-0.017181660622518538,-0.017181660622518538
82.0,-0.01037415741339041,0.00011526686122071913,-0.01792460846969716,-0.01792460846969716
82.10000000000001,-0.010042631825266244,0.0064717978493125895,-0.01755663444512425,-0.01755663444512425
82.2,-0.009094926505035841,0.012375524226168956,-0.016109709199618065,-0.016109709199618065
82.3,-0.007594684657661249,0.017466343999612156,-0.013682008786615303,-0.013682008786615303
82.4,-0.005639061307765354,0.02143750517303668,-0.010431339909640167,-0.010431339909640167
82.5,-0.0033524363018143386,0.024053985102132497,-0.006564949893274269,-0.006564949893274269
82.60000000000001,-0.0008785102864788705,0.02516625616498858,-0.0023263541950847054,-0.0023263541950847054
82.7,0.0016287099305626056,0.02471863262394299,0.0020199903013243077,0.0020199903013243077
82.8,0.004014472224714644,0.022751820363769937,0.006205195154607391,0.006205195154607391
82.9,0.006132799737189416,0.01939960395785814,0.009972590938827535,0.009972590938827535
83.0,0.00785539924030959,0.014879920639534316,0.013093474359202077,0.013093474359202077
83.10000000000001,0.009079414210974678,0.009480871542291575,0.01538097256721614,0.01538097256721614
83.2,0.009733562329855828,0.0035424877363233595,0.01670118823576296,0.01670118823576296
83.3,0.009782280501334034,-0.0025646255312184764,0.0169809707040764,0.0169809707040764
83.4,0.009227632878858909,-0.008462449105250734,0.016211883162603066,0.016211883162603066
83.5,0.008108876066613693,-0.013789018946593913,0.01445016100442594,0.01445016100442594
83.60000000000001,0.006499723370644812,-0.01822071243129054,0.01181271570128791,0.01181271570128791
83.7,0.004503499261418115,-0.021491916847983874,0.008469435786897645,0.008469435786897645
83.8,0.002246509739789902,-0.023410881643481447,0.00463229511652147,0.00463229511652147
83.9,-0.00012994182018863815,-0.023870826613429753,0.0005419447749572003,0.0005419447749572003
84.0,-0.002478385393356441,-0.022855744134424975,-0.0035473627644019203,-0.0035473627644019203
84.10000000000001,-0.004654321870940097,-0.020440555589592877,-0.0073835876105337065,-0.0073835876105337065
84.2,-0.00652508969365367,-0.016785772961448186,-0.010732426434410384,-0.010732426434410384
84.3,-0.007977939752444471,-0.012126977278175955,-0.0133916113600896,-0.0133916113600896
84.4,-0.008926822294122855,-0.006759741912120408,-0.015203095746923025,-0.015203095746923025
84.5,-0.009317478571217917,-0.0010209427865483563,-0.016062402214322754,-0.016062402214322754
84.60000000000001,-0.009130528043087314,0.004732386192620067,-0.01592458732262749,-0.01592458732262749
84.7,-0.008382374859663179,0.010145323867507756,-0.014806503230033127,-0.014806503230033127
84.8,-0.0071238889793467895,0.014887026047054133,-0.01278524741703017,-0.01278524741703017
84.9,-0.0054369671225918135,0.018670951731831836,-0.009992929631472759,-0.009992929631472759
85.0,-0.0034292089682938327,0.021272144779440946,-0.006608097514898971,-0.006608097514898971
85.10000000000001,-0.0012270607243227913,0.02254050009725971,-0.002844361658878538,-0.002844361658878538
85.2,0.0010321400791477333,0.022409261845017115,0.0010630710356668354,0.0010630710356668354
85.3,0.0032087076529618763,0.020898356235618167,0.004872092390277795,0.004872092390277795
85.4,0.005169223120794227,0.018112416047719748,0.008348704207797885,0.008348704207797885
85.5,0.006794690528664515,0.014233677934287915,0.011281395862697628,0.011281395862697628
85.60000000000001,0.00798774429995921,0.009510193670696448,0.013494000824467682,0.013494000824467682
85.7,0.008678472809736151,0.004240078276963996,0.014856247678470432,0.014856247678470432
85.8,0.00882850727468472,-0.0012472463810852272,0.015291381125167694,0.015291381125167694
85.9,0.008433132607149849,-0.006611644006687744,0.01478041992589858,0.01478041992589858
86.0,0.0075213013777053,-0.011523390279536805,0.013362829221517693,0.013362829221517693
86.10000000000001,0.0061535654249086896,-0.015683479630753522,0.011133600407745348,0.011133600407745348
86.2,0.004418069565984906,-0.018841840867447952,0.008236941544579919,0.008236941544579919
86.3,0.0024248792460437913,-0.020812314544095004,0.00485699180103831,0.00485699180103831
86.4,0.00029900842672561076,-0.02148353172768604,0.0012061443787246208,0.0012061443787246208
86.5,-0.0018274103105955306,-0.020825088364897795,-0.0024882885116569832,-0.0024882885116569832
86.60000000000001,-0.003823320958648617,-0.018888705733620514,-0.0059982227751511075,-0.0059982227751511075
86.7,-0.005566805644462606,-0.015804373349433947,-0.009108882307337543,-0.009108882307337543
86.8,-0.006952519384079252,-0.011771739270852196,-0.011631931556988079,-0.011631931556988079
86.9,-0.007898045496026124,-0.00704728871857503,-0.013416851002545081,-0.013416851002545081
87.0,-0.008348792692860834,-0.0019280924780031602,-0.014359880767358502,-0.014359880767358502
87.10000000000001,-0.008281135383425998,0.003266862386754374,-0.014410002471385313,-0.014410002471385313
87.2,-0.007703614644844457,0.00821657777923856,-0.013571628250856468,-0.013571628250856468
87.3,-0.00665614016979045,0.012617935324076164,-0.011903867523272712,-0.011903867523272712
87.4,-0.005207255463771686,0.016204280771506357,-0.009516436878903802,-0.009516436878903802
87.5,-0.0034496622626582854,0.018761543079989212,-0.006562497431316338,-0.006562497431316338
87.60000000000001,-0.0014942934778439459,0.0201409429194008,-0.0032288654586844303,-0.0032288654586844303
87.7,0.0005366781238112571,0.020267544138947786,0.00027577821733020674,0.00027577821733020674
87.8,0.002517462626466013,0.019144165802051832,0.0037339495055753414,0.0037339495055753414
87.9,0.004326422970886425,0.016850537525153295,0.006932854103481207,0.006932854103481207
88.0,0.005853529311305056,0.013537756983669571,0.009677484988319069,0.009677484988319069
88.10000000000001,0.007007036158652437,0.009418448081805055,0.011802499280850216,0.011802499280850216
88.2,0.007718985200064003,0.004753196830049023,0.01318215753332952,0.01318215753332952
88.3,0.00794919965713017,-0.00016587640023491451,0.013737726182920181,0.013737726182920181
88.4,0.007687534562556318,-0.005033397945872339,0.013441919996941084,0.013441919996941084
88.5,0.006954253943177155,-0.009549717913158015,0.01232014202424,0.01232014202424
88.60000000000001,0.005798526308505997,-0.013439381241639339,0.010448477188074448,0.010448477188074448
88.7,0.00429514391678341,-0.016467946033386704,0.007948582436697178,0.007948582436697178
88.8,0.0025396934761739436,-0.01845605359142275,0.0049798186629493,0.0049798186629493
88.9,0.0006424869543696003,-0.0192899897368826,0.0017291179666647392,0.0017291179666647392
89.0,-0.001278360109379965,-0.01892810006797465,-0.0016007738729370722,-0.0016007738729370722
89.10000000000001,-0.0031042696424676093,-0.017402715093689555,-0.004803938409600301,-0.004803938409600301
89.2,-0.004723505086530005,-0.014817551830499274,-0.007684012967564809,-0.007684012967564809
89.3,-0.006037999188980013,-0.011340755810101178,-0.010066221696827112,-0.010066221696827112
89.4,-0.006969282766960099,-0.0071940619682465505,-0.011807960779180646,-0.011807960779180646
89.5,-0.007463164329628129,-0.002638703777130721,-0.012807305926917032,-0.012807305926917032
89.60000000000001,-0.007492873468222419,0.002041017010556979,-0.013008934604527274,-0.013008934604527274
89.7,-0.0070604844550223875,0.0065554889129117175,-0.012407135918778739,-0.012407135918778739
89.8,-0.006196550758109763,0.010627749984041094,-0.011045737697866325,-0.011045737697866325
89.9,-0.004957969548622807,0.014010494107219384,-0.009015008671531455,-0.009015008671531455
90.0,-0.0034242537680505896,0.016501083199688637,-0.006445706050719062,-0.006445706050719062
90.10000000000001,-0.0016924271140683566,0.01795363476225842,-0.003500702603271156,-0.003500702603271156
90.2,0.00012910778238081104,0.018287478867555645,-0.00036467225254250543,-0.00036467225254250543
90.3,0.0019273367397756196,0.017491526435111558,0.0027674653967846886,0.0027674653967846886
90.4,0.003591633506232023,0.015624348919374389,0.005702658761959366,0.005702658761959366
90.5,0.005020566612729484,0.01280998569141097,0.008261647612104316,0.008261647612104316
90.60000000000001,0.0061280497664650355,0.00922978469247264,0.01028986984943763,0.01028986984943763
90.7,0.006848525936515702,0.005110792066453231,0.01166679184751085,0.01166679184751085
90.8,0.007140840513524002,0.0007114032527076948,0.01231304587179347,0.01231304587179347
90.9,0.006990575977969879,-0.003694833844036171,0.012194962772073072,0.012194962772073072
91.0,0.006410718548360043,-0.007836235357011005,0.011326255769588848,0.011326255769588848
91.10000000000001,0.0054406266667468995,-0.011459747127301216,0.009766776668785837,0.009766776668785837
91.2,0.004143380661556447,-0.014346408400023231,0.0076184469536010055,0.0076184469536010055
91.3,0.0026016904418628634,-0.016324556309061516,0.005018629943477794,0.005018629943477794
91.4,0.0009126299821459078,-0.01727997957778808,0.002131371502094499,0.002131371502094499
91.5,-0.0008184662549653584,-0.017162434065982824,-0.0008629381771333663,-0.0008629381771333663
91.60000000000001,-0.0024845602924072653,-0.015988176480053278,-0.0037788275865762565,-0.0037788275865762565
91.7,-0.003983516109474635,-0.013838406747798244,-0.006437227165341931,-0.006437227165341931
91.8,-0.0052243537982805,-0.010853758184233887,-0.008676465817650664,-0.008676465817650664
91.9,-0.006132757246577096,-0.0072251313078990015,-0.010362079164020764,-0.010362079164020764
92.0,-0.006655521224708691,-0.0031815851544885103,-0.01139486330424694,-0.01139486330424694
92.10000000000001,-0.006763659285108404,0.001024110079498103,-0.011716681151475766,-0.011716681151475766
92.2,-0.006453991873931297,0.005131283658861518,-0.01131369042073254,-0.01131369042073254
92.3,-0.0057491267694672644,0.00888753227186902,-0.010216820260509372,-0.010216820260509372
92.4,-0.0046958463598472475,0.012064248951381314,-0.008499493270349157,-0.008499493270349157
92.5,-0.0033620143970321628,0.014470537653533656,-0.006272751655184705,-0.006272751655184705
92.60000000000001,-0.0018322104971407883,0.01596463672068799,-0.0036781079395542737,-0.0036781079395542737
92.7,-0.00020237450523766525,0.016462214214791326,-0.000878574782560534,-0.000878574782560534
92.8,0.0014262032496834267,0.01594104514964837,0.0019515661334364009,0.0019515661334364009
92.9,0.002953166116882437,0.014441841609040055,0.004637607687384839,0.004637607687384839
93.0,0.004285264317243258,0.012065205055464235,0.007015197800301494,0.007015197800301494
93.10000000000001,0.005342038536887246,0.00896495215991413,0.008940387240393519,0.008940387240393519
93.2,0.006060671404751789,0.005338214605299812,0.010298331091662906,0.010298331091662906
93.3,0.006399713042663217,0.0014129481111128804,0.011010116690949697,0.011010116690949697
93.4,0.006341458730210782,-0.002566378590850165,0.011037318510028683,0.011037318510028683
93.5,0.005892844180032942,-0.006354007693377537,0.010384020600888923,0.010384020600888923
93.60000000000001,0.005084808441160559,-0.009718082033970966,0.009096208333841444,0.009096208333841444
93.7,0.003970184377908856,-0.0124548309827842,0.007258584381487619,0.007258584381487619
93.8,0.002620254361995928,-0.014400900699144318,0.004989033208289971,0.004989033208289971
93.9,0.0011201981548312825,-0.015443056564897339,0.002431076713247134,0.002431076713247134
94.0,-0.00043627346694532457,-0.015524711593780613,-0.00025518651654041127,-0.00025518651654041127
94.10000000000001,-0.0019527631001232141,-0.014648915899678448,-0.002903093591905743,-0.002903093591905743
94.2,-0.0033361454839993024,-0.012877656603801616,-0.005349751600734552,-0.005349751600734552
94.3,-0.004502279972362695,-0.010327590407282008,-0.007446057807043169,-0.007446057807043169
94.4,-0.005381116065220386,-0.00716237095053404,-0.00906576967691688,-0.00906576967691688
94.5,-0.0059208952635838785,-0.003582233844684026,-0.010113088482207187,-0.010113088482207187
94.60000000000001,-0.006091192485841544,0.00018864347967362813,-0.010528300714938649,-0.010528300714938649
94.7,-0.005884615746832841,0.0039161809839740975,-0.010291146463062168,-0.010291146463062168
94.8,-0.0053170701231137945,0.007370933169271598,-0.00942173186463689,-0.00942173186463689
94.9,-0.004426580477730271,0.010342222192737886,-0.007978951819194627,-0.007978951819194627
95.0,-0.0032707590195985375,0.012650979643185649,-0.0060565411896932675,-0.0060565411896932675
95.10000000000001,-0.0019230827730349139,0.01416052505003299,-0.003777007618922538,-0.003777007618922538
95.2,-0.00046823228917823665,0.014784591792870307,-0.0012838496320300673,-0.0012838496320300673
95.3,0.0010032235249551606,0.014492207118386759,0.001267466102353283,0.001267466102353283
95.4,0.002400457568789956,0.01330911868543097,0.0037191925866747644,0.0037191925866747644
95.5,0.003637981982514106,0.01131572545610816,0.005921050269229307,0.005921050269229307
95.60000000000001,0.0046408687165166536,0.008641676865127665,0.007739429872776408,0.007739429872776408
95.7,0.005349279906775579,0.005457488440502866,0.009065488861754423,0.009065488861754423
95.8,0.005722028392398451,0.001963705361215941,0.009821646672955356,0.009821646672955356
95.9,0.0057389641524521655,-0.001621708442394365,0.009966099104242294,0.009966099104242294
96.0,0.0054020384106323255,-0.005076966039601647,0.009495090015346163,0.009495090015346163
96.10000000000001,0.004735000494653443,-0.008190176134492803,0.00844282218291568,0.00844282218291568
96.2,0.0037817453803123667,-0.010772343373002856,0.006879034550395999,0.006879034550395999
96.3,0.0026034394521236397,-0.012668814180383979,0.0049044081942415906,0.0049044081942415906
96.4,0.001274599107721939,-0.013768524218674048,0.002644107404955738,0.002644107404955738
96.5,-0.00012161140256521173,-0.014010428132183166,0.0002398560484276159,0.0002398560484276159
96.60000000000001,-0.0014985773923735786,-0.013386851303354616,-0.0021589347045882766,-0.0021589347045882766
96.7,-0.0027715992212322014,-0.011943486559220605,-0.00440445119960229,-0.00440445119960229
96.8,-0.00386309293435209,-0.009776147765616673,-0.0063595782465697,-0.0063595782465697
96.9,-0.004707311118201818,-0.007024460974191382,-0.007906262388368158,-0.007906262388368158
97.0,-0.005254296149997471,-0.003862913671773544,-0.008952625114543667,-0.008952625114543667
97.10000000000001,-0.005472829357319974,-0.0004898201744520921,-0.009438400053479712,-0.009438400053479712
97.2,-0.005352200814260821,0.002885106718053558,-0.009338375393127757,-0.009338375393127757
97.3,-0.004902699090123099,0.006053791461338283,-0.008663649087657748,-0.008663649087657748
97.4,-0.004154800395506704,0.008822643035530762,-0.007460639715384,-0.007460639715384
97.5,-0.0031571169193190117,0.011024358995042647,-0.005807928795152328,-0.005807928795152328
97.60000000000001,-0.001973247484054792,0.012528027459664784,-0.003811156283513901,-0.003811156283513901
97.7,-0.0006777281562802312,0.013246875509697737,-0.0015962832365097085,-0.0015962832365097085
97.8,0.0006486534748947079,0.01314323315570682,0.0006983400289740371,0.0006983400289740371
97.9,0.001923889994964646,0.012230420423846852,0.0029306098037851815,0.0029306098037851815
98.0,0.0030698162361141278,0.010571496506716732,0.0049634617987212495,0.0049634617987212495
98.10000000000001,0.004016892626250849,0.008274965685553729,0.006673279531916435,0.006673279531916435
98.2,0.004708419104741186,0.005487720915120185,0.007957401946388314,0.007957401946388314
98.3,0.005103922623677545,0.002385680278702706,0.008740272279687256,0.008740272279687256
98.4,0.005181516679421094,-0.0008372978050730964,0.008977862484146813,0.008977862484146813
98.5,0.0049390952440856286,-0.003981520498583212,0.008660117712882673,0.008660117712882673
98.60000000000001,0.0043942969395560595,-0.006853836565486012,0.007811291024416442,0.007811291024416442
98.7,0.003583249619165281,-0.009279500013890205,0.006488161010810692,0.006488161010810692
98.8,0.0025581865342948805,-0.011112786565620179,0.004776263223027829,0.004776263223027829
98.9,0.001384088869110322,-0.01224572384336452,0.002784379952524186,0.002784379952524186
99.0,0.0001345728817377751,-0.012614413306371985,0.0006376409593317056,0.0006376409593317056
99.10000000000001,-0.001112720415165574,-0.012202580094538448,-0.001530330730561208,-0.001530330730561208
99.2,-0.0022809381358678276,-0.011042165494201645,-0.0035857228982503386,-0.0035857228982503386
99.3,-0.0032987473771927548,-0.009210960868449435,-0.0054027952140073025,-0.0054027952140073025
99.4,-0.004104682017277883,-0.006827440172664266,-0.006871560351758381,-0.006871560351758381
99.5,-0.004650848961356651,-0.00404313209463065,-0.007904430829268205,-0.007904430829268205
99.60000000000001,-0.004905766759476655,-0.0010330141696740028,-0.008441424313280795,-0.008441424313280795
99.7,-0.004856170627015531,0.0020154679014106206,-0.008453624721953608,-0.008453624721953608
99.8,-0.004507679304467642,0.004914069711025078,-0.00794470125570279,-0.00794470125570279
99.9,-0.0038842886516506753,0.007485373367632543,-0.006950404757993922,-0.006950404757993922
